timestamp_ms,water_distance_cm,temperature_c,humidity_pct,gas_raw,gas_ppm_est,accel_x_g,accel_y_g,accel_z_g,tilt_deg,vibration_g,pressure_hpa,label
476000,11.5,29.4,78.5,1191,290.9,0.046,-0.114,0.917,5.8,0.918,1005.1,FLASH_FLOOD
1893000,188.3,29.6,70.4,804,196.3,-0.15,-0.062,1.103,-6.7,1.061,1016.0,NORMAL
1610000,127.2,23.3,66.2,695,169.6,0.133,-0.04,1.094,2.6,1.074,1011.0,NORMAL
364000,34.3,26.3,93.3,678,165.5,0.112,0.097,0.982,0.0,0.938,992.9,FLASH_FLOOD
1677000,244.7,24.8,73.4,617,150.7,0.029,0.144,0.954,1.7,1.001,1021.7,NORMAL
184000,32.8,29.8,99.6,305,74.5,-0.11,-0.129,1.024,-4.4,1.036,998.4,FLASH_FLOOD
1153000,170.6,42.6,13.0,3433,838.3,0.044,-0.125,1.034,-6.5,1.069,996.8,FOREST_FIRE
1140000,168.8,44.2,18.0,2588,631.9,0.111,-0.042,0.994,-7.3,0.991,996.0,FOREST_FIRE
1997000,102.7,23.3,56.0,868,212.1,-0.132,-0.121,0.917,-4.1,0.949,1009.5,NORMAL
328000,13.6,29.2,97.8,622,152.0,0.138,-0.016,1.011,3.6,1.022,995.1,FLASH_FLOOD
1543000,146.1,26.0,62.5,1106,270.1,0.032,-0.071,0.956,0.9,0.939,1010.5,NORMAL
876000,90.4,25.1,83.0,563,137.5,0.055,-0.104,2.362,-33.5,2.375,1015.8,LANDSLIDE
286000,6.6,29.4,85.1,323,78.9,-0.005,-0.111,1.006,-6.5,0.995,992.4,FLASH_FLOOD
1374000,91.7,39.9,21.7,3764,919.2,-0.142,-0.012,0.918,1.7,0.906,1014.3,FOREST_FIRE
600000,225.7,25.5,75.0,452,110.5,0.14,0.01,1.722,-39.3,1.712,1010.4,LANDSLIDE
1649000,208.8,25.4,74.6,909,221.9,0.023,0.116,1.077,-1.5,1.052,1020.0,NORMAL
462000,17.5,21.0,74.7,1006,245.7,0.141,0.099,1.006,-5.8,0.98,1000.3,FLASH_FLOOD
172000,33.2,23.6,88.4,534,130.5,-0.11,-0.115,1.004,5.5,1.023,991.7,FLASH_FLOOD
585000,81.0,24.9,88.8,1026,250.7,0.11,-0.096,2.084,-43.5,2.085,1019.4,LANDSLIDE
1539000,165.0,24.0,55.2,887,216.6,-0.122,-0.023,0.903,2.2,0.918,1013.4,NORMAL
987000,162.4,27.1,78.3,961,234.7,0.067,-0.07,2.008,41.0,2.044,1007.6,LANDSLIDE
882000,180.0,28.4,80.9,214,52.3,-0.097,-0.039,2.145,23.2,2.125,1021.4,LANDSLIDE
1844000,251.2,29.8,79.7,285,69.5,-0.051,-0.083,0.953,2.3,0.997,1006.0,NORMAL
192000,11.7,21.5,93.4,1178,287.8,0.116,0.081,1.01,0.4,1.057,995.4,FLASH_FLOOD
1383000,164.3,53.7,36.9,4001,977.0,0.032,0.069,1.01,-1.5,1.047,999.0,FOREST_FIRE
379000,21.4,26.6,81.0,779,190.3,0.02,0.061,0.909,5.5,0.947,1009.6,FLASH_FLOOD
634000,192.0,23.4,88.0,572,139.6,-0.023,0.023,1.773,-34.3,1.754,1013.4,LANDSLIDE
1866000,232.7,28.2,85.8,408,99.7,-0.095,-0.08,0.964,5.0,0.982,1020.5,NORMAL
772000,264.8,24.7,77.7,588,143.6,0.149,0.04,2.255,-23.3,2.256,1009.7,LANDSLIDE
1571000,214.5,25.2,86.5,892,217.9,0.128,0.134,0.938,-1.5,0.956,1013.5,NORMAL
1904000,131.5,24.9,64.2,1211,295.6,-0.076,0.136,1.072,4.8,1.031,1012.2,NORMAL
1047000,181.8,51.5,20.1,3475,848.7,-0.036,-0.138,1.047,0.4,1.054,995.8,FOREST_FIRE
1494000,254.9,46.3,27.0,3950,964.5,0.122,-0.11,0.881,1.4,0.926,1012.7,FOREST_FIRE
1594000,239.3,27.2,89.6,744,181.6,-0.087,0.004,0.893,2.0,0.908,1012.7,NORMAL
260000,32.6,23.5,92.6,335,81.8,0.094,-0.119,0.987,-3.4,0.95,990.6,FLASH_FLOOD
207000,9.0,27.9,78.0,727,177.7,0.125,-0.133,1.15,4.3,1.1,1006.3,FLASH_FLOOD
1229000,213.3,45.4,41.8,3641,889.1,0.02,-0.02,1.109,-2.4,1.082,1008.7,FOREST_FIRE
892000,205.4,27.6,83.5,291,71.1,-0.065,0.035,2.329,23.7,2.334,1014.6,LANDSLIDE
770000,142.7,26.9,82.6,758,185.1,-0.023,0.035,2.197,30.4,2.159,1005.4,LANDSLIDE
1764000,105.5,27.7,71.5,432,105.6,-0.026,0.04,1.115,-4.1,1.079,1013.6,NORMAL
1292000,91.8,50.0,21.0,3929,959.5,-0.067,-0.039,0.951,-5.7,0.996,996.1,FOREST_FIRE
577000,265.6,30.7,88.9,886,216.3,0.129,0.146,1.835,40.3,1.799,1017.6,LANDSLIDE
1026000,165.4,52.4,40.0,3542,864.9,0.135,-0.019,0.917,2.2,0.941,1004.8,FOREST_FIRE
177000,19.0,28.5,89.0,990,241.7,-0.108,-0.088,1.033,-4.2,1.062,993.3,FLASH_FLOOD
1477000,182.7,38.7,12.1,2571,627.9,0.023,0.139,0.946,3.6,0.906,1010.3,FOREST_FIRE
527000,96.5,28.5,78.7,714,174.5,0.003,-0.043,2.298,-38.4,2.3,1005.2,LANDSLIDE
1805000,122.0,30.6,81.5,1013,247.3,0.047,0.023,0.898,3.6,0.92,1007.4,NORMAL
1563000,180.7,27.9,87.7,857,209.2,-0.064,0.13,1.055,2.6,1.082,1010.6,NORMAL
801000,182.9,27.8,76.8,606,148.0,-0.036,0.135,1.706,-39.1,1.744,1009.8,LANDSLIDE
1617000,171.5,25.0,64.6,908,221.8,-0.089,-0.004,1.013,-7.1,1.018,1018.9,NORMAL
583000,241.4,29.7,82.9,298,72.8,-0.061,-0.084,1.7,22.2,1.682,1006.8,LANDSLIDE
1999000,202.4,27.7,89.7,678,165.6,-0.037,0.072,0.996,-6.3,1.009,1018.2,NORMAL
444000,17.1,28.5,84.7,653,159.5,0.065,-0.004,0.972,-7.5,1.011,992.7,FLASH_FLOOD
122000,25.6,23.9,88.4,518,126.6,0.147,0.072,0.971,-0.4,0.991,993.3,FLASH_FLOOD
1274000,154.3,44.6,34.9,2459,600.5,0.018,-0.031,0.972,1.0,0.991,1003.4,FOREST_FIRE
807000,260.9,24.5,76.1,1012,247.2,-0.077,0.067,2.223,35.9,2.266,1006.9,LANDSLIDE
1870000,122.7,23.0,72.3,738,180.2,-0.054,0.099,1.043,3.3,1.079,1012.9,NORMAL
966000,278.1,28.1,63.8,1030,251.4,0.025,-0.067,1.834,43.5,1.827,1008.2,LANDSLIDE
6000,23.4,23.2,77.4,499,121.8,-0.071,0.025,1.019,2.5,0.979,1001.2,FLASH_FLOOD
305000,43.5,22.4,87.3,438,107.0,-0.098,0.084,0.91,-7.7,0.924,1003.0,FLASH_FLOOD
1588000,165.4,24.1,84.7,909,221.9,0.047,0.043,0.954,-1.9,0.936,1015.0,NORMAL
1308000,180.9,36.7,39.8,2612,637.7,0.085,-0.038,0.911,3.3,0.931,1011.6,FOREST_FIRE
66000,29.8,28.1,91.6,1014,247.7,0.102,0.038,1.011,1.7,0.97,1003.2,FLASH_FLOOD
1432000,232.3,53.9,15.2,2626,641.3,0.101,0.099,0.927,-4.7,0.912,1010.2,FOREST_FIRE
1940000,149.1,26.4,85.8,906,221.3,-0.128,-0.033,1.069,6.6,1.023,1019.1,NORMAL
495000,31.4,27.7,97.1,1209,295.3,0.039,0.064,0.928,-5.4,0.912,991.2,FLASH_FLOOD
870000,144.4,26.4,88.4,760,185.6,0.136,-0.067,1.392,-42.0,1.417,1010.9,LANDSLIDE
1305000,149.4,46.5,42.5,2704,660.4,-0.129,0.127,0.972,5.0,0.927,1000.7,FOREST_FIRE
492000,22.7,26.1,92.0,1091,266.4,0.044,-0.05,0.895,6.6,0.931,992.0,FLASH_FLOOD
217000,16.3,22.9,71.5,906,221.3,0.102,-0.104,1.032,3.6,1.046,1001.4,FLASH_FLOOD
1284000,114.0,49.7,26.2,3863,943.4,0.009,0.028,0.896,-2.3,0.927,1012.3,FOREST_FIRE
1091000,145.7,35.3,21.7,4077,995.5,0.056,-0.029,1.001,7.9,1.036,1013.7,FOREST_FIRE
1750000,163.1,23.8,81.4,760,185.6,-0.039,0.072,0.907,2.4,0.951,1006.2,NORMAL
819000,122.9,27.7,75.4,283,69.0,-0.028,-0.069,2.405,40.5,2.392,1008.3,LANDSLIDE
183000,41.2,22.0,81.9,456,111.2,0.06,-0.08,0.966,2.5,0.95,996.1,FLASH_FLOOD
272000,5.2,27.2,86.1,1175,286.9,-0.059,0.074,1.051,0.9,1.011,1008.9,FLASH_FLOOD
1830000,204.3,29.3,85.9,721,176.0,0.102,-0.079,1.034,3.6,1.027,1008.8,NORMAL
514000,225.2,22.6,87.3,431,105.2,0.019,-0.06,1.387,26.9,1.398,1019.3,LANDSLIDE
895000,219.6,30.8,71.1,1178,287.6,0.021,0.134,1.631,-25.1,1.608,1016.3,LANDSLIDE
680000,125.4,31.0,77.3,719,175.7,-0.061,-0.125,1.593,28.5,1.587,1013.3,LANDSLIDE
1490000,159.3,44.2,18.7,2756,673.1,0.021,-0.028,1.117,-6.6,1.085,1013.2,FOREST_FIRE
911000,248.2,27.1,57.8,444,108.4,0.077,-0.082,1.537,-24.9,1.548,1008.2,LANDSLIDE
1509000,121.3,22.4,65.4,477,116.4,0.015,-0.15,0.932,7.9,0.955,1012.6,NORMAL
1368000,254.8,38.3,11.4,2886,704.8,-0.099,0.111,0.966,-6.0,0.927,1008.1,FOREST_FIRE
430000,38.1,28.2,79.0,264,64.6,0.057,-0.121,1.017,4.0,1.009,1003.7,FLASH_FLOOD
1090000,158.5,37.9,37.7,3055,746.0,0.012,-0.125,1.015,-4.2,0.981,995.0,FOREST_FIRE
83000,24.4,25.3,78.2,822,200.6,-0.116,-0.021,0.933,2.8,0.954,1005.1,FLASH_FLOOD
1601000,193.3,30.5,78.1,647,158.1,-0.003,-0.012,1.054,-7.3,1.043,1005.8,NORMAL
1435000,205.4,52.4,25.8,3904,953.4,0.126,0.092,0.87,5.3,0.912,1010.2,FOREST_FIRE
1101000,219.5,42.8,43.9,2739,668.7,-0.084,0.058,0.92,6.9,0.936,1013.9,FOREST_FIRE
560000,139.0,29.6,76.7,563,137.4,-0.067,0.043,2.152,22.9,2.126,1008.5,LANDSLIDE
1757000,210.7,26.7,68.2,626,153.0,-0.061,0.032,1.003,4.4,0.981,1012.7,NORMAL
567000,147.3,25.8,74.8,628,153.4,-0.133,-0.034,2.009,33.7,2.017,1017.3,LANDSLIDE
1679000,121.3,30.9,84.8,843,205.9,0.078,-0.042,0.918,-6.6,0.931,1011.9,NORMAL
1800000,119.7,31.9,56.1,450,110.0,-0.013,-0.066,1.088,-0.6,1.047,1005.1,NORMAL
989000,173.6,31.2,55.0,1078,263.3,-0.126,-0.012,2.361,-32.8,2.321,1006.1,LANDSLIDE
1076000,202.4,47.6,42.3,2812,686.7,0.093,-0.121,1.048,0.8,1.015,1006.2,FOREST_FIRE
1111000,239.2,36.4,10.2,3014,736.0,-0.089,0.04,1.065,5.2,1.06,995.7,FOREST_FIRE
800000,227.7,25.9,69.1,772,188.5,-0.015,-0.01,1.635,23.9,1.669,1021.7,LANDSLIDE
1220000,219.2,42.2,12.5,2554,623.7,0.021,0.023,1.028,-2.0,1.013,1014.3,FOREST_FIRE
132000,44.6,26.5,84.8,769,187.7,0.105,-0.01,1.066,-6.3,1.097,1008.8,FLASH_FLOOD
1172000,117.2,51.0,25.0,3901,952.5,-0.008,-0.03,0.985,-5.2,0.959,1008.9,FOREST_FIRE
679000,137.1,31.5,57.6,816,199.3,-0.106,0.025,1.511,25.2,1.476,1007.9,LANDSLIDE
1468000,147.3,42.8,19.7,2983,728.5,-0.145,0.089,1.097,-0.3,1.089,1006.8,FOREST_FIRE
1575000,245.1,24.0,73.5,1226,299.5,0.096,0.11,1.078,-7.7,1.055,1019.2,NORMAL
1906000,215.3,22.3,90.0,238,58.2,0.076,-0.041,1.055,3.8,1.063,1014.9,NORMAL
1078000,235.3,48.4,28.0,3440,840.2,-0.033,0.15,1.012,-5.4,1.05,1013.1,FOREST_FIRE
848000,143.0,25.7,77.5,298,72.8,-0.014,0.016,1.527,34.7,1.483,1006.9,LANDSLIDE
400000,22.5,31.1,71.2,314,76.7,0.104,0.034,1.067,-1.4,1.039,992.0,FLASH_FLOOD
1275000,158.2,36.8,38.6,3089,754.3,0.057,-0.14,1.12,1.5,1.085,1002.0,FOREST_FIRE
1311000,253.2,50.5,14.2,3170,774.1,-0.061,-0.096,1.085,-3.5,1.074,997.6,FOREST_FIRE
458000,29.2,30.1,89.9,926,226.1,0.057,0.087,0.878,5.1,0.904,1008.8,FLASH_FLOOD
225000,17.1,23.4,84.7,1144,279.4,-0.121,0.111,0.867,6.4,0.904,1003.9,FLASH_FLOOD
898000,172.2,28.8,81.9,776,189.5,0.033,0.079,2.154,-27.7,2.151,1010.4,LANDSLIDE
1388000,213.5,49.7,20.5,4077,995.6,0.133,0.11,0.982,1.9,0.978,1014.0,FOREST_FIRE
810000,215.7,29.5,58.9,603,147.4,-0.013,0.063,1.722,-26.8,1.697,1018.5,LANDSLIDE
218000,16.7,21.0,95.3,803,196.1,-0.031,-0.003,0.921,-4.8,0.905,996.2,FLASH_FLOOD
134000,14.4,29.0,98.6,314,76.6,0.067,-0.147,0.965,-2.8,0.95,996.0,FLASH_FLOOD
512000,155.4,28.3,87.0,754,184.1,-0.125,0.041,1.64,-37.0,1.67,1018.0,LANDSLIDE
1333000,129.3,46.9,11.5,3250,793.6,0.136,0.018,1.137,-3.2,1.094,1008.3,FOREST_FIRE
791000,181.7,30.1,86.8,995,243.1,-0.035,0.052,2.345,-24.6,2.38,1021.5,LANDSLIDE
1370000,232.8,37.0,32.2,2694,657.8,0.013,-0.01,1.005,-7.0,0.997,1010.0,FOREST_FIRE
1124000,178.2,49.8,34.7,3067,748.9,-0.095,0.041,0.959,1.1,0.97,1005.3,FOREST_FIRE
646000,273.5,24.4,89.9,1184,289.1,0.084,-0.124,1.884,22.3,1.924,1006.7,LANDSLIDE
743000,78.3,31.9,81.4,873,213.3,0.117,0.011,1.948,-39.4,1.978,1019.3,LANDSLIDE
973000,258.7,29.0,76.0,566,138.2,-0.036,0.113,2.147,-31.3,2.101,1010.3,LANDSLIDE
502000,157.6,26.0,74.6,1092,266.7,-0.101,0.002,2.117,37.8,2.118,1021.9,LANDSLIDE
26000,15.6,21.3,83.0,287,70.0,-0.056,0.032,0.937,7.5,0.936,1004.6,FLASH_FLOOD
563000,164.1,24.0,72.8,661,161.4,0.041,-0.068,1.678,35.9,1.65,1012.2,LANDSLIDE
944000,138.4,27.4,73.2,435,106.2,0.101,-0.038,1.907,37.7,1.864,1017.6,LANDSLIDE
1829000,106.8,25.1,60.2,734,179.2,-0.141,0.015,0.942,0.8,0.972,1009.0,NORMAL
653000,228.2,25.0,79.9,723,176.4,-0.101,-0.045,1.701,24.1,1.709,1019.1,LANDSLIDE
671000,189.1,24.1,80.3,639,156.0,-0.038,0.04,1.757,24.5,1.801,1010.4,LANDSLIDE
1453000,125.5,42.1,22.5,3468,847.0,-0.048,0.065,1.034,-5.3,1.018,996.1,FOREST_FIRE
1387000,93.9,47.6,38.7,2684,655.5,0.13,0.073,0.985,5.6,0.977,1004.9,FOREST_FIRE
1441000,218.1,49.3,13.6,4029,983.9,0.029,-0.1,0.936,-7.7,0.909,1011.9,FOREST_FIRE
1821000,117.5,31.1,62.5,283,69.0,-0.134,0.001,1.01,-1.2,1.037,1006.4,NORMAL
1099000,234.9,42.9,14.9,3811,930.6,-0.094,-0.076,1.05,-5.1,1.005,1007.2,FOREST_FIRE
1799000,191.5,31.8,70.1,523,127.7,0.087,-0.054,0.927,0.6,0.971,1018.0,NORMAL
1733000,224.9,22.7,59.8,325,79.4,0.066,0.005,1.069,5.1,1.068,1020.2,NORMAL
1484000,201.9,53.8,37.1,2644,645.8,0.03,-0.103,0.932,2.5,0.919,996.1,FOREST_FIRE
1573000,160.5,25.4,82.5,729,178.0,-0.026,-0.044,1.019,-5.9,1.037,1011.1,NORMAL
1971000,242.6,24.7,76.4,682,166.6,-0.116,-0.087,1.048,7.1,1.039,1010.1,NORMAL
835000,268.3,24.3,62.3,616,150.3,-0.113,0.134,2.224,-30.2,2.272,1008.7,LANDSLIDE
642000,136.1,31.1,61.6,1153,281.6,0.133,-0.147,1.384,23.0,1.398,1014.7,LANDSLIDE
1996000,162.9,26.4,88.3,484,118.2,-0.001,-0.126,1.044,-6.4,1.056,1009.8,NORMAL
1666000,247.4,30.8,84.9,594,145.1,0.113,0.031,0.881,0.7,0.907,1021.4,NORMAL
386000,23.0,28.1,98.9,318,77.7,-0.138,0.125,0.916,5.9,0.902,1003.7,FLASH_FLOOD
1684000,138.3,23.8,74.5,735,179.4,-0.043,0.032,1.083,-0.5,1.073,1013.9,NORMAL
293000,29.0,26.2,77.0,863,210.8,-0.139,-0.078,0.907,4.9,0.957,993.4,FLASH_FLOOD
1191000,142.6,35.7,16.9,3723,909.2,0.101,-0.029,1.035,1.4,1.066,995.3,FOREST_FIRE
1638000,94.6,23.0,82.6,599,146.3,0.072,0.02,0.915,-7.4,0.963,1009.4,NORMAL
193000,19.4,26.0,87.0,922,225.2,-0.073,-0.119,0.923,1.2,0.915,997.4,FLASH_FLOOD
1222000,202.6,42.5,17.9,2462,601.1,-0.037,0.104,0.982,-3.4,1.016,1004.8,FOREST_FIRE
250000,11.3,30.2,95.6,758,185.2,-0.128,-0.003,0.885,7.8,0.911,1007.4,FLASH_FLOOD
724000,260.6,23.8,70.1,489,119.3,0.093,0.027,2.345,36.0,2.319,1005.4,LANDSLIDE
1285000,232.7,53.5,31.3,4004,977.8,-0.042,-0.06,0.962,0.9,0.986,1000.2,FOREST_FIRE
749000,116.0,31.5,85.7,1095,267.5,0.139,0.119,1.687,35.8,1.66,1015.7,LANDSLIDE
1598000,186.4,27.5,60.4,1004,245.2,0.079,0.003,0.941,0.4,0.977,1016.1,NORMAL
618000,164.2,25.0,71.6,732,178.7,0.065,0.123,2.246,38.4,2.29,1012.1,LANDSLIDE
1950000,171.5,25.2,74.3,450,109.9,-0.05,-0.126,0.951,-3.5,0.965,1014.8,NORMAL
1253000,134.2,44.9,32.5,2725,665.4,0.095,-0.142,1.039,2.4,1.036,1008.0,FOREST_FIRE
1019000,236.1,40.9,29.3,2944,719.0,0.076,-0.138,1.057,0.8,1.015,1012.9,FOREST_FIRE
1041000,232.1,36.8,30.3,3762,918.6,-0.134,0.071,1.058,-3.3,1.055,997.5,FOREST_FIRE
1008000,258.1,39.7,44.6,3376,824.3,0.014,-0.09,0.976,2.6,0.958,1001.6,FOREST_FIRE
1215000,90.1,50.9,29.8,3885,948.8,-0.103,-0.025,1.019,-5.8,0.988,996.2,FOREST_FIRE
633000,171.1,22.7,75.2,460,112.4,0.142,0.031,1.883,30.9,1.869,1008.1,LANDSLIDE
806000,131.5,25.9,72.9,1136,277.4,0.118,-0.088,1.685,-32.9,1.689,1009.1,LANDSLIDE
166000,30.5,21.0,93.1,1006,245.6,-0.043,0.044,1.034,-2.2,1.079,1003.2,FLASH_FLOOD
277000,21.2,27.1,97.2,184,44.8,0.013,0.15,0.903,0.1,0.906,1001.0,FLASH_FLOOD
1901000,161.4,24.4,68.6,670,163.6,0.11,-0.024,1.06,-7.6,1.074,1005.4,NORMAL
1664000,126.8,30.6,72.3,242,59.2,-0.147,-0.065,1.024,-4.0,1.009,1006.8,NORMAL
1743000,241.1,31.3,56.3,1005,245.5,0.058,0.044,0.951,2.5,0.981,1015.3,NORMAL
1444000,128.4,48.9,17.3,2774,677.5,-0.092,-0.101,1.046,0.1,1.011,1010.5,FOREST_FIRE
1973000,229.2,24.6,78.2,866,211.4,0.133,-0.01,0.997,3.1,0.997,1007.9,NORMAL
796000,278.9,26.0,61.4,932,227.6,0.035,0.012,1.979,-44.2,1.949,1020.5,LANDSLIDE
1536000,237.4,26.0,69.2,800,195.3,-0.001,-0.056,0.921,3.0,0.93,1013.4,NORMAL
830000,253.3,26.0,72.0,726,177.4,-0.052,0.012,2.336,-32.1,2.358,1005.3,LANDSLIDE
696000,106.4,22.3,87.7,886,216.4,-0.019,0.113,2.007,42.5,1.977,1020.4,LANDSLIDE
263000,20.1,25.1,86.7,891,217.5,0.025,-0.073,0.918,-5.0,0.935,992.6,FLASH_FLOOD
150000,24.6,22.0,93.8,438,106.9,0.066,-0.004,1.135,5.1,1.093,993.4,FLASH_FLOOD
906000,249.3,27.7,65.6,664,162.2,0.085,-0.028,2.178,30.6,2.193,1009.6,LANDSLIDE
438000,16.3,27.2,79.4,757,184.9,-0.017,0.016,0.945,-7.4,0.966,1009.5,FLASH_FLOOD
1690000,184.5,28.6,65.1,1015,248.0,-0.139,-0.124,1.078,-3.4,1.077,1007.2,NORMAL
1302000,123.2,35.4,27.6,3306,807.4,0.024,-0.051,0.966,-3.3,0.989,1005.2,FOREST_FIRE
380000,23.6,20.9,96.7,942,230.1,-0.008,0.073,1.143,7.7,1.097,991.8,FLASH_FLOOD
1276000,150.0,54.5,29.8,3467,846.6,-0.018,-0.117,0.921,-0.5,0.908,1014.3,FOREST_FIRE
93000,28.8,31.3,79.3,536,131.0,0.087,0.094,1.057,7.5,1.04,997.5,FLASH_FLOOD
425000,24.0,30.4,99.6,312,76.3,0.138,0.077,0.876,1.4,0.917,991.3,FLASH_FLOOD
651000,100.6,25.3,66.1,682,166.4,-0.086,0.02,2.395,-22.9,2.346,1009.7,LANDSLIDE
1314000,108.9,35.4,34.1,2732,667.2,-0.148,0.131,1.1,-7.1,1.075,995.0,FOREST_FIRE
1313000,236.5,51.5,24.2,3455,843.8,-0.067,0.057,1.032,-6.6,1.073,1014.5,FOREST_FIRE
1569000,186.5,28.9,76.8,1012,247.2,-0.149,0.036,1.077,-4.9,1.036,1009.1,NORMAL
123000,32.0,31.8,87.5,918,224.3,0.068,0.056,1.016,-3.2,1.063,1005.9,FLASH_FLOOD
1012000,244.9,38.2,22.0,3312,808.8,-0.092,0.147,1.079,7.5,1.053,1008.8,FOREST_FIRE
146000,12.6,23.2,90.2,1146,279.8,0.112,-0.094,0.945,5.6,0.918,1002.1,FLASH_FLOOD
1262000,105.2,49.1,19.2,3865,943.8,-0.006,-0.053,1.094,2.7,1.068,1010.6,FOREST_FIRE
778000,107.2,29.4,65.9,469,114.6,-0.062,0.059,2.254,41.2,2.278,1012.0,LANDSLIDE
1422000,147.3,36.5,25.7,3264,797.1,-0.11,0.028,0.949,6.6,0.922,1011.1,FOREST_FIRE
1975000,115.8,24.1,78.3,1080,263.8,-0.145,0.083,1.118,0.6,1.093,1010.9,NORMAL
330000,28.3,22.8,94.3,204,49.8,-0.03,0.125,0.951,-2.3,0.928,991.8,FLASH_FLOOD
1129000,109.2,49.4,25.6,3641,889.2,0.128,0.078,0.979,-5.9,0.936,1008.2,FOREST_FIRE
187000,38.9,27.9,79.0,803,196.0,0.003,0.074,1.035,1.7,1.056,1000.4,FLASH_FLOOD
145000,33.3,29.7,97.4,967,236.1,0.14,0.017,1.033,-0.4,1.07,1001.2,FLASH_FLOOD
1114000,182.4,39.0,15.0,3835,936.5,-0.059,-0.122,0.926,3.8,0.938,995.1,FOREST_FIRE
946000,90.3,31.7,83.0,1139,278.1,0.094,-0.143,1.872,-29.0,1.919,1017.8,LANDSLIDE
1896000,129.5,29.5,80.2,736,179.7,-0.018,-0.023,0.928,2.8,0.93,1008.8,NORMAL
1499000,115.0,49.8,33.1,3854,941.2,0.069,0.019,0.885,4.0,0.913,1012.4,FOREST_FIRE
1736000,133.0,30.5,77.4,1141,278.5,-0.143,0.146,1.117,6.3,1.075,1015.2,NORMAL
1995000,254.3,31.2,61.6,895,218.7,0.043,-0.12,0.951,-5.7,0.941,1019.0,NORMAL
556000,137.9,23.1,66.4,366,89.3,-0.146,0.046,1.412,-24.8,1.461,1021.0,LANDSLIDE
1576000,159.4,26.5,88.5,212,51.9,0.125,0.004,1.053,2.0,1.062,1009.6,NORMAL
1278000,235.1,46.4,21.7,3102,757.4,-0.026,-0.02,1.004,6.7,1.024,1013.5,FOREST_FIRE
437000,20.2,22.6,76.8,632,154.3,0.145,-0.113,0.897,7.3,0.936,992.3,FLASH_FLOOD
1263000,254.9,53.4,27.8,3497,853.9,-0.062,0.149,0.915,3.1,0.931,1010.1,FOREST_FIRE
1836000,109.8,26.5,79.0,968,236.4,-0.022,0.025,0.973,0.0,0.983,1007.4,NORMAL
393000,22.4,30.1,93.4,776,189.4,0.012,-0.149,1.133,0.2,1.088,1005.7,FLASH_FLOOD
687000,84.6,24.9,55.1,1130,276.0,-0.094,0.12,1.645,-37.8,1.681,1019.5,LANDSLIDE
1865000,91.9,24.3,65.3,1143,279.2,0.07,0.134,0.989,-3.1,1.03,1016.0,NORMAL
1913000,153.9,30.8,73.6,492,120.2,0.027,-0.123,1.069,-3.1,1.074,1008.6,NORMAL
1966000,222.8,30.3,57.9,763,186.3,-0.013,-0.038,0.877,1.1,0.92,1013.6,NORMAL
1443000,150.8,41.9,44.1,2643,645.4,-0.082,-0.049,1.064,5.0,1.081,1012.7,FOREST_FIRE
69000,31.9,28.1,87.5,1006,245.6,0.132,-0.117,0.981,-7.8,1.007,1006.4,FLASH_FLOOD
1241000,128.2,44.1,14.5,2734,667.6,0.115,-0.115,1.009,-7.9,1.029,997.7,FOREST_FIRE
1622000,190.0,31.8,64.4,206,50.3,-0.023,-0.084,0.934,6.4,0.942,1012.4,NORMAL
808000,197.5,29.5,78.9,717,175.1,0.147,0.064,2.095,-44.0,2.102,1018.3,LANDSLIDE
757000,171.5,22.2,64.6,445,108.7,0.122,0.01,1.914,24.1,1.939,1010.0,LANDSLIDE
656000,115.4,31.4,85.0,844,206.1,-0.087,-0.093,1.999,-26.3,1.981,1017.7,LANDSLIDE
1283000,170.3,35.9,19.7,3166,773.1,0.129,-0.105,0.936,5.7,0.925,1001.1,FOREST_FIRE
300000,16.2,22.7,87.3,1089,265.9,0.09,-0.007,1.101,-0.1,1.097,991.1,FLASH_FLOOD
928000,185.1,25.6,67.5,530,129.3,-0.123,-0.088,2.045,31.6,2.079,1006.1,LANDSLIDE
1656000,214.4,27.6,59.9,775,189.2,-0.031,-0.091,1.123,-6.1,1.096,1021.6,NORMAL
853000,95.9,25.9,60.6,793,193.8,0.072,0.133,2.252,-43.8,2.287,1008.8,LANDSLIDE
776000,167.2,23.7,81.1,167,40.8,-0.115,-0.123,1.967,-35.1,1.944,1010.8,LANDSLIDE
254000,9.3,27.3,75.6,339,82.7,-0.032,-0.013,1.072,-5.8,1.043,1008.6,FLASH_FLOOD
264000,31.5,25.9,87.2,507,123.9,0.085,-0.055,1.058,-7.2,1.086,997.2,FLASH_FLOOD
1504000,202.0,30.8,58.0,426,104.0,-0.12,0.008,0.997,7.0,0.99,1011.9,NORMAL
1384000,129.2,35.8,15.5,2824,689.6,-0.027,-0.068,0.923,0.2,0.954,1014.3,FOREST_FIRE
1242000,159.9,48.9,19.3,2705,660.5,0.105,0.041,1.014,5.3,0.969,1008.6,FOREST_FIRE
954000,161.6,26.4,67.8,186,45.3,0.061,-0.13,1.344,24.4,1.385,1015.8,LANDSLIDE
604000,217.5,23.4,72.4,884,216.0,0.075,-0.077,2.124,-26.4,2.1,1005.2,LANDSLIDE
1133000,208.1,37.4,19.6,3151,769.5,-0.052,-0.04,0.9,-7.7,0.919,1002.2,FOREST_FIRE
1122000,243.2,44.8,41.3,2992,730.8,0.017,0.124,0.974,0.4,1.0,1006.6,FOREST_FIRE
1584000,170.1,29.4,78.3,731,178.5,-0.116,-0.057,1.023,-0.6,1.022,1021.2,NORMAL
1237000,93.9,48.7,36.0,3226,787.9,0.032,0.108,0.949,1.6,0.983,1002.6,FOREST_FIRE
728000,198.2,26.6,70.4,1192,291.1,-0.056,-0.131,1.608,-23.3,1.64,1008.7,LANDSLIDE
1130000,214.0,45.7,33.1,3203,782.1,0.093,0.083,0.947,1.2,0.986,1012.5,FOREST_FIRE
883000,150.1,31.1,58.5,1114,272.0,0.12,-0.115,1.377,-26.8,1.397,1008.5,LANDSLIDE
281000,20.1,30.9,85.5,553,135.0,0.11,-0.004,1.065,2.5,1.067,997.1,FLASH_FLOOD
1378000,218.4,46.7,20.7,3806,929.3,-0.008,-0.096,1.099,3.7,1.087,1011.0,FOREST_FIRE
1100000,233.9,45.9,41.6,3395,829.0,-0.029,-0.072,0.963,5.3,0.944,997.1,FOREST_FIRE
852000,103.7,24.5,74.5,1147,280.0,0.142,0.143,1.903,-31.4,1.855,1006.0,LANDSLIDE
721000,259.1,29.1,87.9,475,116.1,0.062,0.037,1.385,-38.0,1.407,1009.5,LANDSLIDE
147000,42.5,31.5,73.5,1090,266.1,-0.006,-0.077,1.102,-2.7,1.091,1010.0,FLASH_FLOOD
862000,134.2,29.4,81.4,347,84.7,0.124,-0.123,1.673,-34.4,1.682,1011.0,LANDSLIDE
247000,7.3,31.3,74.8,855,208.7,0.027,0.091,0.94,4.8,0.923,998.3,FLASH_FLOOD
1053000,131.3,45.6,17.5,2964,723.8,-0.125,0.112,1.006,3.5,0.974,1010.6,FOREST_FIRE
881000,134.5,26.8,68.6,1001,244.5,0.026,0.12,2.348,-41.1,2.344,1005.9,LANDSLIDE
1714000,209.0,23.6,58.0,506,123.5,0.066,-0.132,0.945,0.8,0.981,1006.3,NORMAL
320000,37.2,25.3,75.8,412,100.5,-0.043,-0.11,1.098,7.7,1.058,1003.8,FLASH_FLOOD
319000,8.7,27.4,97.9,799,195.0,0.038,-0.132,0.932,-2.1,0.918,1009.9,FLASH_FLOOD
818000,111.5,29.6,71.7,1102,269.2,0.013,-0.086,1.436,33.0,1.438,1006.2,LANDSLIDE
234000,40.1,22.2,72.9,879,214.7,-0.072,0.093,1.095,0.1,1.069,992.6,FLASH_FLOOD
349000,23.5,25.1,88.4,474,115.7,0.005,-0.107,0.994,-1.6,0.961,991.1,FLASH_FLOOD
737000,186.5,27.1,60.2,1102,269.2,0.129,0.073,1.589,25.8,1.627,1012.7,LANDSLIDE
1842000,243.4,27.7,75.8,1151,281.0,-0.081,-0.142,1.014,-4.5,1.01,1018.2,NORMAL
1204000,100.0,36.8,30.1,4054,989.9,0.103,0.116,1.001,1.0,1.04,1007.2,FOREST_FIRE
1537000,159.4,22.1,88.9,1027,250.8,-0.016,-0.061,0.998,5.4,0.962,1012.2,NORMAL
7000,30.1,29.5,82.7,706,172.5,-0.036,0.149,0.912,-6.5,0.909,991.3,FLASH_FLOOD
1686000,95.0,31.4,67.1,1072,261.8,0.133,0.128,0.905,4.4,0.939,1021.4,NORMAL
1318000,245.2,40.0,29.3,4038,986.1,0.142,-0.093,0.952,4.3,0.935,997.2,FOREST_FIRE
1954000,220.5,25.6,66.1,993,242.4,-0.018,0.03,1.051,-1.0,1.077,1015.4,NORMAL
130000,24.1,22.4,98.9,1153,281.6,0.044,0.122,1.046,-1.5,1.087,996.4,FLASH_FLOOD
927000,91.5,24.8,74.8,1104,269.6,-0.101,0.064,1.456,-23.5,1.497,1007.2,LANDSLIDE
1804000,113.7,25.4,86.0,658,160.6,-0.08,-0.083,1.036,-3.8,1.037,1016.4,NORMAL
1780000,117.4,30.8,82.4,1148,280.3,-0.02,0.004,0.951,-5.2,0.932,1012.2,NORMAL
846000,115.1,24.4,68.9,676,165.0,0.036,0.014,1.786,44.3,1.825,1019.8,LANDSLIDE
598000,204.4,25.2,82.6,1190,290.6,-0.041,-0.05,1.397,37.7,1.419,1014.0,LANDSLIDE
238000,20.3,20.5,76.0,818,199.8,-0.146,-0.053,1.014,2.1,0.981,997.5,FLASH_FLOOD
663000,202.6,23.3,77.3,349,85.2,0.085,0.103,1.892,-24.3,1.879,1012.4,LANDSLIDE
719000,96.6,26.1,81.3,735,179.4,-0.096,-0.137,1.415,-27.7,1.43,1019.8,LANDSLIDE
419000,14.5,20.5,79.5,1057,258.2,-0.072,-0.095,1.04,3.1,1.033,992.5,FLASH_FLOOD
787000,273.7,23.3,82.1,1037,253.1,-0.142,0.116,2.021,23.6,2.053,1011.7,LANDSLIDE
1460000,190.6,53.6,15.0,3253,794.3,-0.03,-0.03,0.952,-7.9,0.909,995.7,FOREST_FIRE
1942000,190.2,31.2,71.9,872,213.0,0.035,-0.086,1.028,-0.8,1.076,1017.8,NORMAL
11000,34.2,22.4,79.4,1093,266.8,0.045,-0.019,0.944,-1.2,0.942,1009.9,FLASH_FLOOD
451000,28.1,22.6,98.9,356,87.0,-0.01,0.131,1.044,-7.7,1.041,1004.8,FLASH_FLOOD
524000,179.1,30.1,75.7,520,126.9,-0.079,-0.128,2.223,-29.8,2.213,1009.1,LANDSLIDE
1691000,93.8,27.6,76.4,400,97.7,0.063,-0.143,1.146,-2.5,1.096,1014.5,NORMAL
203000,37.5,20.3,71.9,835,203.9,-0.017,-0.111,1.057,2.3,1.016,1008.0,FLASH_FLOOD
1872000,155.2,22.3,62.0,820,200.3,-0.139,0.137,0.99,-5.1,1.016,1021.8,NORMAL
1056000,175.2,44.3,39.1,2558,624.6,-0.139,0.056,0.922,7.7,0.966,1008.8,FOREST_FIRE
522000,262.9,26.3,89.8,888,216.8,0.01,-0.055,1.388,-42.3,1.399,1017.9,LANDSLIDE
49000,13.4,27.9,74.7,813,198.5,-0.127,-0.149,1.085,3.8,1.09,993.5,FLASH_FLOOD
209000,24.6,21.1,77.0,1216,296.9,0.008,-0.15,1.04,6.1,0.998,994.4,FLASH_FLOOD
1609000,258.2,24.9,87.0,1036,253.0,0.094,-0.13,1.043,-1.2,1.071,1021.2,NORMAL
1251000,186.3,48.6,10.6,3332,813.7,-0.113,0.132,0.977,4.3,0.945,1008.7,FOREST_FIRE
353000,39.2,26.5,70.2,380,92.7,-0.079,0.027,0.948,2.0,0.951,1007.7,FLASH_FLOOD
982000,227.6,24.1,76.0,482,117.6,-0.085,0.083,1.887,30.6,1.862,1011.4,LANDSLIDE
1371000,216.5,38.5,12.7,3269,798.4,-0.107,-0.063,0.991,5.8,1.015,1001.0,FOREST_FIRE
1957000,202.7,29.5,65.7,342,83.5,0.006,-0.074,1.026,-1.9,1.011,1014.7,NORMAL
1653000,217.8,28.4,76.6,972,237.3,0.108,0.052,0.915,4.6,0.915,1006.6,NORMAL
864000,262.1,31.1,79.5,970,236.8,0.049,0.106,2.062,-26.6,2.097,1016.8,LANDSLIDE
894000,96.3,24.6,60.6,623,152.3,0.038,-0.088,2.377,-42.2,2.387,1012.0,LANDSLIDE
204000,20.8,20.4,90.5,655,159.9,-0.086,-0.094,0.993,-5.3,1.015,993.5,FLASH_FLOOD
1449000,209.2,35.5,30.0,2716,663.3,0.01,-0.069,1.027,-1.2,0.99,1009.8,FOREST_FIRE
179000,38.1,29.1,90.3,299,73.0,0.023,-0.069,0.941,5.9,0.95,999.8,FLASH_FLOOD
1628000,212.7,25.3,57.2,386,94.2,0.128,-0.073,1.099,7.0,1.094,1018.3,NORMAL
1043000,104.2,51.6,11.5,3260,796.2,-0.108,0.087,0.972,-6.5,0.952,1011.8,FOREST_FIRE
788000,114.4,24.4,67.7,165,40.4,-0.019,-0.048,1.563,27.3,1.547,1006.3,LANDSLIDE
120000,35.6,24.4,82.0,1066,260.3,-0.092,0.016,1.034,-1.1,1.076,1001.4,FLASH_FLOOD
180000,19.8,31.4,79.8,263,64.2,0.082,0.07,0.979,0.2,0.956,990.0,FLASH_FLOOD
1411000,200.2,42.3,10.3,2654,648.2,-0.019,-0.083,1.067,2.2,1.064,999.1,FOREST_FIRE
1298000,103.0,45.6,43.8,2526,616.8,0.145,0.016,0.948,-5.9,0.917,1008.9,FOREST_FIRE
86000,38.3,31.0,72.6,186,45.4,-0.077,0.027,1.063,-2.8,1.06,1006.9,FLASH_FLOOD
1746000,256.4,30.6,66.6,385,93.9,0.026,-0.023,0.965,-5.0,0.971,1014.2,NORMAL
1853000,125.2,29.0,59.0,1040,254.1,-0.093,0.055,0.952,-0.0,0.985,1013.4,NORMAL
1055000,94.0,40.8,30.1,3792,925.9,0.125,0.082,1.005,-2.0,0.982,1005.1,FOREST_FIRE
3000,27.1,30.0,88.6,941,229.7,0.023,0.061,1.049,0.6,1.095,1007.2,FLASH_FLOOD
1146000,248.0,48.0,17.0,3424,836.1,0.094,-0.035,1.104,1.7,1.098,1008.7,FOREST_FIRE
667000,203.0,30.4,68.7,187,45.7,-0.015,-0.102,2.264,37.8,2.284,1006.3,LANDSLIDE
1459000,200.0,36.7,17.7,3064,748.3,0.036,-0.11,0.895,-4.3,0.915,999.0,FOREST_FIRE
96000,16.4,29.0,83.5,601,146.8,-0.057,0.093,0.944,2.8,0.948,1000.7,FLASH_FLOOD
1852000,125.9,22.9,84.4,1072,261.8,-0.134,0.009,1.074,3.4,1.03,1020.1,NORMAL
645000,267.4,31.6,73.1,857,209.4,-0.138,0.064,2.023,29.8,2.005,1018.4,LANDSLIDE
432000,37.8,31.1,84.4,969,236.6,-0.041,0.095,1.031,-6.2,0.992,996.2,FLASH_FLOOD
499000,31.0,21.5,78.9,561,137.0,-0.014,0.145,1.001,2.0,0.971,1004.7,FLASH_FLOOD
1009000,250.9,48.1,33.5,3138,766.2,-0.089,-0.101,1.01,-5.9,1.05,1013.1,FOREST_FIRE
1791000,113.1,28.4,55.7,442,108.0,-0.108,0.061,0.984,-5.2,0.977,1017.1,NORMAL
1517000,96.8,29.7,80.8,711,173.6,0.135,0.039,1.028,6.6,1.009,1011.8,NORMAL
127000,33.2,23.8,80.5,1200,293.0,0.089,-0.068,0.92,-3.2,0.958,1008.7,FLASH_FLOOD
534000,110.3,23.7,73.4,827,202.0,-0.037,-0.038,2.195,-42.3,2.185,1007.0,LANDSLIDE
570000,126.5,27.3,86.0,945,230.8,-0.087,0.074,2.225,24.5,2.205,1019.8,LANDSLIDE
1258000,213.5,54.3,22.3,3920,957.3,-0.086,-0.08,0.936,4.5,0.969,1008.2,FOREST_FIRE
712000,149.0,23.9,62.3,697,170.2,-0.129,-0.127,1.827,40.4,1.799,1019.5,LANDSLIDE
546000,157.9,24.9,73.4,556,135.8,0.073,-0.033,1.526,-31.0,1.486,1020.5,LANDSLIDE
596000,259.8,24.2,59.7,794,193.9,-0.03,-0.125,1.726,34.6,1.751,1012.2,LANDSLIDE
440000,18.5,27.1,99.7,1149,280.6,0.101,0.068,0.891,7.6,0.913,992.5,FLASH_FLOOD
586000,152.1,25.9,89.5,1067,260.6,0.008,-0.065,2.165,37.6,2.146,1010.7,LANDSLIDE
1281000,161.4,48.4,28.7,3719,908.2,0.107,-0.069,1.062,-0.4,1.087,1005.4,FOREST_FIRE
507000,199.9,24.8,58.1,190,46.4,0.023,-0.134,1.559,-36.8,1.552,1010.3,LANDSLIDE
1044000,165.2,44.2,33.8,4083,997.1,-0.14,-0.147,0.869,2.1,0.916,1001.8,FOREST_FIRE
1920000,232.7,25.3,83.3,1200,293.0,-0.097,0.011,1.036,-6.2,0.992,1017.9,NORMAL
110000,9.9,30.2,83.6,1225,299.1,-0.016,-0.124,1.101,-3.4,1.083,1008.0,FLASH_FLOOD
1092000,249.3,44.1,30.8,2522,615.8,0.082,-0.069,0.958,1.1,0.965,1006.8,FOREST_FIRE
1682000,228.2,22.0,77.3,599,146.4,0.091,-0.12,0.998,1.6,1.034,1021.8,NORMAL
1770000,92.2,30.3,62.0,1130,275.8,0.096,0.027,0.864,-7.1,0.908,1005.9,NORMAL
1835000,114.1,25.6,76.2,585,142.8,-0.014,-0.0,1.038,-2.6,1.065,1015.2,NORMAL
1336000,192.1,39.5,10.2,3817,932.2,-0.064,0.069,1.037,-6.5,1.065,1014.4,FOREST_FIRE
1134000,94.6,54.8,42.6,3149,769.0,-0.101,-0.081,1.055,6.2,1.056,1002.2,FOREST_FIRE
1982000,95.7,29.9,64.4,742,181.2,-0.056,-0.121,0.976,3.2,0.936,1014.0,NORMAL
1909000,176.9,28.4,77.7,876,213.9,-0.03,0.045,1.021,-3.5,0.992,1014.9,NORMAL
713000,145.2,25.0,59.1,804,196.4,0.112,-0.103,1.739,43.2,1.76,1021.0,LANDSLIDE
168000,43.5,21.4,98.2,531,129.7,-0.056,-0.013,0.892,-7.6,0.921,992.8,FLASH_FLOOD
1455000,93.1,38.4,20.7,2812,686.7,0.112,0.071,0.883,-1.6,0.925,1010.6,FOREST_FIRE
1705000,130.9,31.1,67.6,351,85.8,0.147,-0.149,0.993,-1.5,1.021,1013.1,NORMAL
1520000,176.2,30.5,72.6,221,53.9,0.066,0.032,0.985,4.3,0.986,1005.7,NORMAL
621000,120.0,27.1,72.6,439,107.3,-0.138,-0.106,1.436,-24.7,1.398,1009.6,LANDSLIDE
1790000,159.4,23.6,84.8,388,94.8,0.116,-0.146,1.057,-6.1,1.012,1011.5,NORMAL
1413000,207.3,52.9,33.7,3897,951.6,0.146,-0.075,1.094,1.8,1.095,1006.8,FOREST_FIRE
1250000,138.6,40.0,41.4,3998,976.4,-0.06,-0.055,1.011,7.3,1.03,1011.3,FOREST_FIRE
1822000,190.9,28.2,60.5,426,104.0,-0.085,-0.012,0.943,1.1,0.915,1010.5,NORMAL
415000,42.6,20.8,96.8,825,201.4,-0.126,0.119,1.068,4.8,1.089,999.2,FLASH_FLOOD
1722000,238.2,30.7,85.7,556,135.9,-0.055,-0.046,1.044,4.9,0.998,1021.9,NORMAL
411000,23.6,27.6,95.8,1095,267.3,0.118,-0.05,1.011,-1.5,1.058,991.4,FLASH_FLOOD
12000,30.2,22.7,97.2,790,193.0,-0.129,-0.079,0.961,-4.3,0.944,1007.2,FLASH_FLOOD
409000,35.7,20.4,85.9,169,41.3,0.089,0.096,0.903,7.7,0.908,999.6,FLASH_FLOOD
1592000,219.7,22.4,83.4,620,151.4,0.038,-0.016,1.092,5.2,1.075,1017.1,NORMAL
980000,237.8,26.5,79.9,336,82.1,0.053,-0.031,1.838,25.1,1.834,1021.7,LANDSLIDE
1935000,149.4,31.4,60.1,478,116.8,0.053,0.004,1.086,-5.0,1.043,1005.8,NORMAL
383000,5.6,21.3,75.2,460,112.2,-0.105,-0.016,0.987,-5.9,0.956,1001.8,FLASH_FLOOD
339000,14.2,24.6,99.3,1084,264.7,-0.055,0.11,1.077,-7.7,1.073,992.0,FLASH_FLOOD
152000,27.1,20.1,85.9,820,200.3,0.143,-0.145,1.029,-0.3,0.998,995.5,FLASH_FLOOD
1768000,190.2,29.9,66.2,759,185.5,0.113,-0.03,0.957,-2.6,0.942,1007.4,NORMAL
1948000,243.2,31.1,80.1,973,237.6,-0.087,-0.019,0.945,-6.2,0.944,1009.2,NORMAL
756000,197.2,22.7,80.3,606,148.0,-0.056,-0.053,1.555,25.5,1.554,1015.3,LANDSLIDE
1496000,244.5,47.1,43.3,3355,819.3,0.075,0.07,0.967,2.5,0.931,999.3,FOREST_FIRE
141000,37.9,23.0,80.4,481,117.6,0.131,0.068,0.97,2.8,1.009,995.5,FLASH_FLOOD
1741000,107.5,23.9,77.2,712,173.9,0.002,-0.091,0.975,-4.5,0.962,1010.4,NORMAL
1407000,239.3,38.7,40.2,2651,647.4,-0.057,0.073,0.959,2.5,0.956,1003.0,FOREST_FIRE
1259000,165.3,35.0,22.7,3233,789.5,0.118,0.099,1.033,-5.0,1.004,1008.9,FOREST_FIRE
1243000,257.7,38.0,18.4,2967,724.5,-0.125,0.03,1.066,1.9,1.048,1011.4,FOREST_FIRE
1463000,124.0,53.3,16.9,2750,671.5,0.118,0.007,1.078,-2.4,1.08,1004.4,FOREST_FIRE
1838000,171.2,27.4,84.8,469,114.5,0.056,0.128,0.959,7.9,0.933,1007.4,NORMAL
231000,31.5,30.1,81.2,1041,254.3,0.033,-0.06,0.881,-1.6,0.92,1002.9,FLASH_FLOOD
735000,187.7,29.7,67.7,960,234.5,-0.127,-0.041,1.432,42.2,1.434,1017.5,LANDSLIDE
659000,175.7,22.9,84.3,181,44.3,0.092,0.05,2.05,-36.3,2.015,1017.7,LANDSLIDE
767000,70.6,29.7,66.6,794,194.0,-0.08,-0.085,1.613,37.4,1.57,1019.8,LANDSLIDE
722000,119.4,24.0,59.8,409,99.9,-0.018,0.079,1.433,-40.8,1.388,1011.3,LANDSLIDE
1143000,189.5,35.6,44.3,3117,761.2,-0.057,-0.051,1.049,5.3,1.04,1003.5,FOREST_FIRE
741000,229.0,23.0,65.4,764,186.7,0.136,-0.137,1.798,31.8,1.753,1019.3,LANDSLIDE
1591000,166.6,24.2,71.6,699,170.7,-0.082,0.054,1.103,1.3,1.096,1020.0,NORMAL
326000,15.0,27.5,75.4,936,228.5,-0.025,-0.118,0.952,0.5,0.938,1005.0,FLASH_FLOOD
434000,25.5,20.7,73.6,970,236.9,-0.13,0.05,0.947,-7.3,0.922,995.1,FLASH_FLOOD
1749000,125.4,27.5,76.2,1031,251.8,-0.048,-0.103,0.934,4.4,0.901,1018.4,NORMAL
119000,25.2,31.6,76.5,695,169.7,-0.135,-0.002,0.943,-3.1,0.905,997.1,FLASH_FLOOD
1848000,237.6,22.6,60.6,277,67.7,0.087,0.146,0.941,-6.0,0.956,1019.5,NORMAL
675000,205.2,26.9,56.6,291,71.0,0.107,0.146,1.69,-27.4,1.649,1015.0,LANDSLIDE
1050000,195.1,53.8,42.4,2760,673.9,-0.07,-0.136,0.987,-7.7,1.025,996.3,FOREST_FIRE
176000,9.1,30.0,92.5,208,50.8,0.15,-0.015,0.994,3.5,1.009,996.0,FLASH_FLOOD
1876000,181.6,30.1,78.6,409,99.8,0.132,0.071,0.93,-4.2,0.942,1011.3,NORMAL
1748000,243.9,28.6,58.3,910,222.1,0.012,-0.07,0.901,-2.6,0.909,1016.6,NORMAL
407000,40.5,27.2,93.7,1071,261.4,0.033,-0.099,0.981,-0.7,0.934,1002.8,FLASH_FLOOD
1233000,128.9,44.7,19.8,2803,684.6,0.075,0.007,0.911,-5.5,0.95,997.6,FOREST_FIRE
1919000,188.1,30.1,57.0,487,118.9,-0.099,0.149,1.107,6.2,1.059,1006.3,NORMAL
555000,244.4,24.0,55.6,179,43.8,-0.1,-0.1,2.178,-44.1,2.187,1006.1,LANDSLIDE
1503000,256.1,31.2,74.9,991,242.0,0.146,-0.039,1.099,6.7,1.096,1005.6,NORMAL
1289000,241.2,51.8,12.0,2831,691.4,0.1,0.134,1.065,-3.8,1.099,1010.9,FOREST_FIRE
1530000,135.2,22.9,77.2,172,42.1,0.026,0.028,0.973,0.7,0.924,1019.6,NORMAL
1521000,97.0,31.7,75.9,887,216.7,0.102,0.097,1.053,-6.1,1.04,1006.6,NORMAL
1918000,249.1,25.5,88.3,990,241.7,0.015,-0.052,0.971,-2.2,0.934,1007.0,NORMAL
682000,146.4,29.6,73.0,1169,285.5,0.143,0.11,1.581,-24.4,1.58,1019.4,LANDSLIDE
674000,161.4,28.0,73.5,460,112.3,0.094,-0.091,2.021,23.7,2.066,1019.6,LANDSLIDE
1042000,157.1,38.6,40.7,3766,919.6,-0.135,0.107,1.068,3.4,1.063,999.8,FOREST_FIRE
1718000,244.4,26.5,66.8,770,188.1,-0.077,0.059,1.052,0.6,1.082,1007.5,NORMAL
920000,259.4,24.3,85.5,1139,278.1,0.14,0.084,2.09,35.3,2.083,1014.4,LANDSLIDE
1928000,191.7,31.4,85.0,527,128.7,0.035,0.07,0.922,-7.1,0.961,1006.4,NORMAL
924000,76.1,23.9,83.0,1006,245.6,0.043,-0.024,1.648,-28.0,1.661,1005.2,LANDSLIDE
573000,71.5,22.9,59.4,195,47.7,0.025,0.146,2.099,22.2,2.139,1017.9,LANDSLIDE
591000,280.0,26.9,78.4,188,46.0,0.061,-0.06,1.716,-39.1,1.753,1009.7,LANDSLIDE
398000,36.7,25.5,75.1,303,73.9,0.095,-0.118,0.91,-5.2,0.91,1001.8,FLASH_FLOOD
1788000,92.8,22.5,63.2,314,76.7,-0.105,0.04,0.881,-4.9,0.925,1017.4,NORMAL
1665000,221.2,27.9,78.0,214,52.4,0.124,-0.105,1.086,-3.0,1.08,1007.7,NORMAL
287000,26.2,22.8,94.1,855,208.8,-0.036,0.027,0.998,0.4,0.974,1005.8,FLASH_FLOOD
759000,169.4,23.4,77.0,761,185.8,0.067,0.02,1.971,23.9,1.997,1015.1,LANDSLIDE
2000000,207.1,26.8,77.9,234,57.1,-0.137,0.014,1.126,-1.3,1.092,1013.5,NORMAL
372000,22.4,29.4,86.3,527,128.6,0.049,-0.127,1.061,5.0,1.018,994.7,FLASH_FLOOD
1201000,233.6,49.2,10.6,3660,893.7,-0.03,0.128,1.013,5.5,0.973,996.3,FOREST_FIRE
74000,10.2,23.0,75.2,1123,274.1,-0.142,-0.146,1.101,-8.0,1.072,1003.2,FLASH_FLOOD
1429000,179.0,50.6,37.2,2882,703.9,-0.142,0.007,0.969,2.9,0.935,1001.9,FOREST_FIRE
347000,14.9,24.9,71.3,1087,265.5,-0.036,-0.056,0.976,-0.2,0.965,1004.7,FLASH_FLOOD
337000,13.4,26.5,76.1,902,220.4,-0.072,-0.005,1.013,-6.2,0.99,1000.5,FLASH_FLOOD
194000,20.3,21.8,97.9,211,51.4,0.016,0.124,0.973,5.8,0.949,1007.1,FLASH_FLOOD
597000,206.0,26.3,79.3,239,58.3,0.003,-0.101,1.974,26.4,1.942,1016.8,LANDSLIDE
1875000,197.3,25.1,64.8,322,78.7,0.073,-0.069,0.954,-8.0,0.985,1008.0,NORMAL
65000,31.3,23.3,87.0,776,189.5,0.073,-0.135,0.97,7.9,0.959,1003.7,FLASH_FLOOD
316000,37.7,29.9,73.7,240,58.6,-0.075,0.081,0.933,-0.5,0.938,1005.4,FLASH_FLOOD
1991000,204.3,23.0,83.4,1183,288.8,0.047,-0.053,0.899,4.7,0.933,1009.5,NORMAL
1841000,215.3,28.0,89.7,384,93.9,-0.075,-0.056,0.956,6.8,0.952,1005.5,NORMAL
1389000,131.6,45.3,34.0,2865,699.6,-0.121,0.101,1.108,6.7,1.063,997.4,FOREST_FIRE
805000,269.9,28.2,90.0,943,230.4,-0.143,0.03,2.098,35.1,2.069,1009.2,LANDSLIDE
53000,30.4,25.9,72.7,857,209.4,-0.05,0.051,0.972,6.7,0.936,997.0,FLASH_FLOOD
765000,127.7,26.6,58.3,797,194.6,0.096,0.11,2.333,-29.9,2.324,1020.0,LANDSLIDE
64000,28.5,27.7,82.7,885,216.2,0.104,-0.09,0.977,-5.5,0.988,995.0,FLASH_FLOOD
1985000,181.5,26.5,59.6,451,110.2,0.096,0.076,0.954,-6.6,0.943,1018.6,NORMAL
1671000,105.6,30.0,58.1,305,74.5,-0.109,-0.005,1.09,0.5,1.07,1010.1,NORMAL
1312000,114.6,40.7,31.4,3328,812.8,-0.116,0.07,1.005,-5.1,0.961,1010.9,FOREST_FIRE
1807000,151.8,23.1,56.8,402,98.1,-0.062,0.136,1.019,-4.9,1.043,1011.0,NORMAL
1604000,199.4,31.1,67.5,723,176.4,0.005,0.063,1.013,1.9,1.035,1017.6,NORMAL
48000,29.3,29.5,76.8,487,119.0,-0.015,-0.017,0.96,7.9,0.924,1000.5,FLASH_FLOOD
466000,16.3,28.1,82.5,302,73.9,-0.106,-0.063,0.996,5.7,1.02,998.2,FLASH_FLOOD
1234000,151.2,47.5,10.5,2516,614.4,-0.135,0.131,0.922,-4.9,0.902,999.2,FOREST_FIRE
1144000,98.6,35.4,32.9,3416,834.2,0.132,-0.13,0.946,2.7,0.925,1005.9,FOREST_FIRE
1001000,95.3,48.2,23.9,3619,883.7,-0.11,-0.052,0.984,-4.0,0.937,1001.5,FOREST_FIRE
797000,261.0,28.9,56.7,393,96.0,0.053,-0.068,1.976,-26.3,1.985,1016.7,LANDSLIDE
941000,143.0,25.7,86.6,740,180.6,-0.062,0.094,1.866,35.3,1.841,1011.9,LANDSLIDE
197000,18.9,30.1,96.3,425,103.7,-0.15,0.047,1.017,-7.9,0.982,1009.0,FLASH_FLOOD
4000,19.6,24.4,76.3,412,100.5,0.131,0.044,0.967,-6.4,0.956,995.3,FLASH_FLOOD
1545000,131.5,29.3,74.0,170,41.6,0.031,-0.02,0.987,2.3,1.013,1007.8,NORMAL
1897000,166.2,30.4,86.6,398,97.2,-0.043,-0.012,0.982,-6.0,0.989,1009.8,NORMAL
785000,222.1,25.5,68.9,865,211.2,-0.104,0.017,1.836,-26.2,1.808,1010.2,LANDSLIDE
128000,16.5,28.6,80.4,1035,252.8,-0.073,-0.006,1.031,7.3,1.061,998.8,FLASH_FLOOD
581000,116.9,28.0,77.5,928,226.5,-0.115,-0.124,2.158,34.9,2.199,1015.9,LANDSLIDE
310000,43.8,28.4,75.3,1202,293.5,0.039,0.041,0.961,0.6,0.954,1002.0,FLASH_FLOOD
479000,25.9,23.5,71.4,322,78.6,-0.136,-0.118,1.073,-6.0,1.081,991.5,FLASH_FLOOD
404000,35.3,20.5,92.2,467,114.1,-0.097,0.086,0.965,-1.0,0.967,1008.5,FLASH_FLOOD
878000,268.2,27.2,86.5,806,196.9,0.051,-0.13,2.148,43.4,2.173,1020.9,LANDSLIDE
1659000,187.4,22.1,68.8,702,171.5,0.043,0.061,1.087,2.6,1.099,1006.9,NORMAL
1326000,226.3,44.2,43.0,3019,737.3,0.024,0.093,0.953,-6.2,0.992,1003.0,FOREST_FIRE
544000,112.9,22.3,59.9,1222,298.5,-0.033,0.01,2.348,35.2,2.379,1020.5,LANDSLIDE
916000,268.7,31.5,85.6,570,139.2,-0.085,-0.145,1.506,-32.0,1.509,1011.2,LANDSLIDE
1228000,94.2,41.9,15.7,3626,885.5,-0.096,-0.021,1.035,-8.0,0.989,1006.0,FOREST_FIRE
348000,38.1,20.5,99.9,1096,267.7,-0.031,0.071,1.01,4.6,1.004,1000.4,FLASH_FLOOD
1439000,155.9,43.6,14.4,3162,772.2,-0.031,-0.051,1.062,-7.2,1.095,1003.4,FOREST_FIRE
79000,27.5,24.0,73.7,950,232.1,0.05,0.075,1.048,5.0,1.011,997.1,FLASH_FLOOD
1907000,191.6,22.8,79.1,768,187.6,-0.124,-0.119,1.105,3.8,1.067,1021.9,NORMAL
678000,252.3,23.4,89.8,935,228.3,-0.072,0.085,2.292,-40.7,2.331,1017.3,LANDSLIDE
273000,12.8,22.2,94.0,710,173.3,0.105,0.13,0.994,-5.4,0.944,1007.0,FLASH_FLOOD
1192000,250.4,35.4,34.1,3171,774.4,0.051,-0.023,0.947,1.4,0.988,1014.4,FOREST_FIRE
1862000,142.0,27.9,79.4,1103,269.3,0.124,-0.14,1.041,1.3,0.993,1015.7,NORMAL
1615000,172.8,28.5,87.3,952,232.6,-0.017,-0.049,1.067,6.8,1.022,1012.2,NORMAL
1760000,196.0,29.6,63.5,178,43.5,-0.077,-0.135,1.0,-7.7,1.039,1013.1,NORMAL
1912000,232.5,30.6,66.0,888,216.9,-0.13,-0.134,0.941,2.0,0.984,1020.5,NORMAL
1197000,234.4,35.3,44.2,3363,821.3,0.133,0.119,1.053,1.2,1.066,995.1,FOREST_FIRE
1219000,176.1,47.5,41.8,4022,982.2,-0.049,0.035,0.952,4.2,0.913,1014.8,FOREST_FIRE
116000,30.1,23.5,98.7,980,239.4,0.091,0.055,1.008,-1.3,1.028,999.7,FLASH_FLOOD
1048000,90.5,42.2,28.1,3325,812.0,0.019,-0.079,0.934,-4.1,0.969,1003.1,FOREST_FIRE
188000,26.1,31.7,99.6,691,168.7,-0.11,0.108,1.007,-6.2,1.0,1008.7,FLASH_FLOOD
1810000,165.2,26.2,62.0,574,140.2,-0.055,-0.007,0.974,8.0,0.928,1006.5,NORMAL
558000,230.0,23.7,88.6,1209,295.2,0.056,0.143,1.551,38.0,1.534,1021.5,LANDSLIDE
1023000,190.4,37.5,24.7,3519,859.3,0.143,-0.028,0.919,-3.4,0.95,1005.0,FOREST_FIRE
1151000,214.3,45.2,38.5,3852,940.6,0.128,0.118,1.073,2.0,1.093,1014.4,FOREST_FIRE
1595000,99.9,22.6,72.3,782,191.1,0.038,-0.1,1.13,-2.1,1.098,1018.0,NORMAL
1687000,247.0,28.4,75.7,172,42.0,0.131,-0.042,0.957,6.9,0.958,1015.9,NORMAL
1068000,222.6,49.7,28.5,3124,763.0,0.044,0.034,1.035,-4.2,1.073,999.2,FOREST_FIRE
714000,276.8,27.3,63.4,815,198.9,0.046,-0.14,2.326,42.5,2.334,1014.3,LANDSLIDE
1034000,106.5,47.9,41.1,3920,957.2,0.127,0.034,0.941,6.7,0.982,996.9,FOREST_FIRE
98000,15.9,30.9,74.4,1064,259.9,0.134,-0.083,0.952,5.6,0.957,998.7,FLASH_FLOOD
1880000,243.7,24.5,69.9,1094,267.1,-0.121,0.109,0.956,-1.2,0.965,1010.5,NORMAL
429000,15.9,25.0,97.4,504,123.1,-0.063,0.009,0.971,6.1,0.927,997.1,FLASH_FLOOD
279000,34.4,25.8,80.8,355,86.6,-0.004,-0.131,1.019,7.2,1.032,994.4,FLASH_FLOOD
275000,22.1,20.1,77.4,786,191.9,0.072,-0.019,1.007,1.0,0.973,994.4,FLASH_FLOOD
1004000,202.0,54.9,31.4,3460,844.9,0.135,0.09,1.002,0.1,1.006,1003.7,FOREST_FIRE
888000,239.3,30.5,62.0,202,49.3,-0.077,0.035,2.144,-30.9,2.151,1005.6,LANDSLIDE
592000,245.8,25.3,80.0,736,179.8,0.012,0.096,1.432,40.8,1.417,1011.7,LANDSLIDE
1358000,256.0,44.0,18.6,3523,860.3,0.096,-0.078,0.972,-1.1,0.973,1012.2,FOREST_FIRE
1492000,103.5,48.6,44.0,3888,949.5,-0.068,0.113,0.974,-1.0,0.973,1011.5,FOREST_FIRE
1819000,104.4,25.7,87.0,204,49.9,-0.005,-0.114,0.946,2.5,0.931,1021.7,NORMAL
739000,225.5,30.2,66.8,279,68.0,-0.019,0.077,2.032,43.8,2.012,1020.7,LANDSLIDE
1121000,227.8,43.9,38.9,3867,944.2,-0.094,-0.098,1.002,1.8,1.045,1003.8,FOREST_FIRE
872000,232.7,31.5,60.0,889,217.1,-0.129,-0.131,1.958,38.4,1.967,1015.4,LANDSLIDE
16000,33.7,21.9,78.9,614,150.0,0.024,0.013,1.124,7.3,1.099,1009.4,FLASH_FLOOD
1735000,118.3,22.2,82.6,1204,294.1,0.041,0.059,0.969,0.6,0.981,1017.3,NORMAL
515000,275.7,23.2,59.9,461,112.7,0.062,-0.068,2.033,29.3,2.017,1021.3,LANDSLIDE
1495000,155.8,43.3,12.5,3200,781.5,0.025,-0.097,1.063,-1.4,1.024,1013.6,FOREST_FIRE
939000,272.3,27.8,56.5,983,240.1,-0.094,0.057,2.086,-40.4,2.055,1013.1,LANDSLIDE
1540000,111.9,26.4,57.2,436,106.5,-0.017,-0.07,0.97,-6.8,0.949,1010.5,NORMAL
1458000,157.1,40.2,39.1,3018,737.1,0.139,-0.042,0.896,-0.9,0.927,1011.8,FOREST_FIRE
486000,21.9,23.8,71.9,1033,252.3,-0.025,-0.008,1.042,-0.2,1.043,1007.9,FLASH_FLOOD
1225000,219.9,38.0,41.6,2602,635.4,-0.084,-0.109,1.045,6.6,1.002,1002.9,FOREST_FIRE
1000000,114.1,29.2,64.9,504,123.2,-0.008,-0.14,2.3,43.4,2.334,1012.0,LANDSLIDE
1525000,253.0,25.0,80.4,224,54.7,0.126,0.119,1.036,0.5,1.078,1018.1,NORMAL
1290000,137.7,50.1,36.6,2783,679.6,0.148,0.037,1.024,-5.1,1.05,997.7,FOREST_FIRE
199000,22.4,31.6,77.1,306,74.7,-0.055,0.09,0.935,5.1,0.915,995.2,FLASH_FLOOD
786000,230.2,22.0,60.6,749,183.0,-0.121,-0.111,2.118,30.7,2.092,1013.0,LANDSLIDE
35000,35.1,30.2,98.6,979,239.1,0.074,0.014,0.912,-1.9,0.901,998.4,FLASH_FLOOD
1834000,103.8,26.6,73.5,281,68.6,0.09,-0.059,1.027,4.5,1.051,1015.6,NORMAL
283000,27.9,21.9,88.9,335,81.9,0.022,-0.133,0.88,5.3,0.904,990.8,FLASH_FLOOD
301000,32.6,20.1,76.3,350,85.4,-0.052,0.034,1.016,7.6,1.04,1001.6,FLASH_FLOOD
769000,245.1,25.8,68.5,496,121.1,0.063,0.102,2.349,-41.4,2.343,1020.0,LANDSLIDE
1061000,170.3,37.4,35.4,3138,766.2,0.036,-0.086,0.944,-3.8,0.957,995.1,FOREST_FIRE
1758000,123.1,25.8,84.9,993,242.5,-0.102,0.097,1.001,-7.7,1.023,1011.2,NORMAL
185000,10.3,31.9,74.3,1102,269.1,-0.147,0.045,1.049,-5.8,1.055,1000.6,FLASH_FLOOD
811000,130.6,29.6,67.0,516,126.0,-0.084,-0.039,1.492,-22.8,1.505,1009.7,LANDSLIDE
746000,187.2,27.1,82.2,499,121.9,0.101,0.038,1.595,40.3,1.55,1020.9,LANDSLIDE
1702000,225.1,24.2,60.1,883,215.7,-0.125,0.042,0.978,-3.3,0.936,1008.8,NORMAL
413000,13.2,31.8,77.2,350,85.6,-0.006,0.132,0.921,0.9,0.913,992.3,FLASH_FLOOD
587000,104.4,24.0,85.0,303,74.0,-0.109,0.059,1.81,41.5,1.83,1018.7,LANDSLIDE
72000,32.4,26.5,99.3,636,155.3,-0.031,-0.093,1.033,7.2,1.071,997.2,FLASH_FLOOD
572000,261.7,31.5,70.8,361,88.3,-0.117,0.041,1.771,28.0,1.813,1017.9,LANDSLIDE
904000,259.9,28.0,83.0,1112,271.7,-0.143,-0.054,2.348,26.4,2.381,1019.5,LANDSLIDE
631000,130.3,31.0,76.2,729,177.9,0.113,-0.069,2.006,37.3,2.006,1007.6,LANDSLIDE
1747000,152.0,23.5,67.9,419,102.2,0.003,-0.065,1.02,-4.0,1.031,1018.1,NORMAL
1801000,186.4,29.6,81.5,906,221.2,-0.107,0.142,1.064,-0.9,1.083,1013.3,NORMAL
553000,220.0,23.0,65.3,580,141.6,0.118,0.01,1.531,25.5,1.537,1016.5,LANDSLIDE
1642000,225.4,25.8,89.1,332,81.2,-0.026,-0.065,0.913,3.7,0.951,1019.2,NORMAL
1704000,140.2,26.4,58.5,331,80.8,-0.028,0.012,0.953,-5.8,0.926,1010.1,NORMAL
1325000,172.4,48.6,18.9,3033,740.8,0.021,-0.028,0.977,0.9,1.019,1007.4,FOREST_FIRE
1465000,259.7,41.0,16.4,3902,952.9,-0.084,-0.058,1.05,-0.1,1.023,1000.7,FOREST_FIRE
1606000,128.6,23.0,60.3,854,208.5,0.147,-0.116,0.923,-2.8,0.91,1011.8,NORMAL
369000,41.8,25.6,83.7,968,236.5,0.063,-0.01,0.9,-0.5,0.926,1003.7,FLASH_FLOOD
189000,15.5,20.5,71.8,1180,288.2,0.002,0.039,0.903,4.3,0.903,1005.8,FLASH_FLOOD
1347000,117.8,53.1,16.0,2940,717.9,0.131,0.083,0.962,0.6,0.982,1000.5,FOREST_FIRE
1717000,245.0,27.1,69.5,253,61.8,-0.144,-0.141,0.955,-3.4,0.93,1010.3,NORMAL
480000,9.6,27.9,75.4,434,105.9,-0.032,-0.125,0.954,-3.9,0.916,993.6,FLASH_FLOOD
1212000,195.4,38.7,38.9,3430,837.6,-0.05,0.08,0.94,-2.2,0.979,1005.8,FOREST_FIRE
1833000,135.7,26.6,70.2,553,134.9,0.101,-0.054,1.027,4.7,1.059,1016.4,NORMAL
1327000,180.7,47.8,38.2,3892,950.3,-0.099,0.101,1.107,-2.9,1.058,1001.5,FOREST_FIRE
1342000,104.1,53.4,44.3,3157,770.8,-0.008,0.01,0.915,3.0,0.948,995.7,FOREST_FIRE
230000,37.2,23.7,99.0,853,208.3,-0.023,-0.037,0.887,1.6,0.902,1002.9,FLASH_FLOOD
133000,27.7,29.1,75.3,438,106.9,0.119,0.098,1.049,-5.0,1.047,1007.1,FLASH_FLOOD
998000,176.9,27.1,72.4,466,113.8,-0.062,0.062,1.717,32.9,1.727,1007.8,LANDSLIDE
1244000,147.6,53.9,44.1,2763,674.7,-0.133,0.009,1.066,-5.9,1.093,1002.3,FOREST_FIRE
131000,12.0,31.0,99.9,1161,283.5,-0.001,0.131,0.981,6.6,0.935,997.9,FLASH_FLOOD
1854000,207.5,25.9,83.1,613,149.6,0.034,0.008,1.044,-6.1,1.068,1006.3,NORMAL
1524000,114.9,28.8,89.6,498,121.5,-0.007,-0.068,1.015,1.6,0.994,1005.1,NORMAL
58000,10.9,26.5,80.4,482,117.6,0.013,-0.013,1.082,1.4,1.1,1001.0,FLASH_FLOOD
1337000,242.9,53.9,42.6,2568,627.2,-0.008,0.127,0.993,3.9,0.979,1009.3,FOREST_FIRE
1120000,184.5,49.7,40.9,2816,687.5,-0.063,0.133,1.005,-1.3,0.998,1011.2,FOREST_FIRE
1190000,130.0,36.7,27.9,2535,618.9,-0.024,0.075,1.066,6.9,1.03,1004.7,FOREST_FIRE
758000,163.9,22.2,72.4,561,136.9,-0.007,-0.117,2.141,44.4,2.16,1008.8,LANDSLIDE
345000,14.3,28.2,80.8,815,199.1,-0.007,0.001,1.024,-3.7,1.013,1003.8,FLASH_FLOOD
149000,42.4,26.9,82.5,763,186.3,-0.051,-0.036,0.963,-4.5,0.929,993.0,FLASH_FLOOD
1590000,143.1,25.6,66.9,827,201.9,-0.104,-0.11,0.927,1.5,0.905,1012.1,NORMAL
826000,277.3,23.6,80.3,795,194.2,0.026,-0.132,1.568,31.0,1.612,1018.3,LANDSLIDE
535000,128.8,31.8,63.6,820,200.2,-0.112,0.002,2.019,-29.5,2.011,1018.4,LANDSLIDE
1270000,213.9,50.0,25.0,4008,978.7,0.01,0.044,1.079,-3.1,1.088,1003.1,FOREST_FIRE
1335000,193.5,43.8,11.0,3274,799.6,-0.033,0.012,1.046,-4.6,1.027,1004.6,FOREST_FIRE
200000,11.2,22.0,84.0,243,59.4,0.011,0.139,1.027,-4.8,1.056,998.1,FLASH_FLOOD
912000,273.3,30.4,65.4,846,206.6,-0.074,0.076,1.994,-27.5,2.038,1010.9,LANDSLIDE
1483000,252.2,45.6,40.2,3700,903.4,-0.119,0.045,0.898,-4.5,0.923,1013.4,FOREST_FIRE
1424000,221.2,43.8,11.0,2790,681.4,-0.011,-0.042,0.959,-0.6,0.928,1011.5,FOREST_FIRE
1288000,224.5,46.4,19.8,3691,901.3,-0.104,0.091,1.001,2.4,1.042,1014.2,FOREST_FIRE
424000,8.5,28.7,83.3,467,114.0,0.091,-0.063,1.126,-2.4,1.096,1009.9,FLASH_FLOOD
278000,25.4,24.8,85.1,986,240.8,0.104,0.092,0.97,3.7,0.958,1003.3,FLASH_FLOOD
1317000,241.2,52.7,17.1,3791,925.8,0.074,0.002,1.092,0.0,1.079,1003.2,FOREST_FIRE
423000,12.8,23.8,88.2,638,155.8,0.123,-0.042,0.882,2.7,0.917,1008.9,FLASH_FLOOD
580000,215.3,25.8,64.8,873,213.1,0.112,0.13,1.472,43.2,1.445,1016.3,LANDSLIDE
625000,173.0,23.6,63.1,556,135.8,0.069,0.044,1.5,-26.3,1.548,1008.1,LANDSLIDE
449000,6.9,32.0,82.1,1002,244.7,0.073,-0.122,1.042,5.4,1.007,994.5,FLASH_FLOOD
1154000,190.4,38.0,35.4,3099,756.8,0.051,0.104,1.001,1.6,0.985,1013.9,FOREST_FIRE
901000,100.8,31.1,69.3,833,203.5,-0.017,0.077,2.011,-27.7,2.047,1019.4,LANDSLIDE
849000,226.4,31.7,89.0,1037,253.2,0.008,0.084,1.565,-37.7,1.559,1007.4,LANDSLIDE
974000,222.1,28.9,74.7,233,56.8,0.123,-0.123,1.841,-30.3,1.866,1014.7,LANDSLIDE
1415000,175.1,51.0,14.7,3892,950.5,-0.101,0.097,1.023,2.4,1.034,1014.3,FOREST_FIRE
1297000,226.5,40.6,18.9,3288,802.9,0.134,-0.004,0.99,3.0,0.977,1009.8,FOREST_FIRE
1205000,121.6,51.3,37.8,2544,621.3,-0.09,-0.14,1.006,6.1,1.049,1006.4,FOREST_FIRE
871000,211.7,31.0,56.0,623,152.0,-0.051,0.021,1.953,37.2,1.915,1011.7,LANDSLIDE
931000,148.6,22.1,79.6,556,135.7,-0.033,0.1,1.654,34.3,1.629,1008.6,LANDSLIDE
1084000,124.8,38.3,23.3,2816,687.5,0.098,0.144,1.017,6.5,1.036,1003.4,FOREST_FIRE
1650000,244.8,23.5,62.1,968,236.3,-0.119,-0.008,1.05,-1.8,1.085,1007.6,NORMAL
595000,79.4,27.3,59.9,497,121.4,-0.139,-0.107,2.081,-33.7,2.046,1015.3,LANDSLIDE
31000,5.2,29.0,93.1,905,221.1,-0.022,-0.097,0.995,-0.1,0.949,992.1,FLASH_FLOOD
29000,23.6,25.3,76.4,469,114.6,0.12,0.089,0.983,-1.1,1.016,999.5,FLASH_FLOOD
61000,17.7,28.6,92.8,1071,261.5,-0.139,-0.129,1.085,5.6,1.072,1007.4,FLASH_FLOOD
1267000,202.9,36.3,35.6,3752,916.3,-0.054,0.021,1.025,5.3,0.995,995.9,FOREST_FIRE
539000,264.6,30.0,66.1,355,86.7,-0.12,-0.129,2.129,-23.9,2.175,1011.1,LANDSLIDE
1067000,234.1,54.7,39.1,2933,716.2,-0.115,-0.059,1.086,1.0,1.08,1014.3,FOREST_FIRE
289000,31.1,23.0,95.6,896,218.8,-0.04,-0.067,0.991,-2.9,0.972,998.5,FLASH_FLOOD
1030000,242.8,52.1,30.1,3971,969.8,0.038,0.143,1.042,-4.1,1.092,1013.4,FOREST_FIRE
1931000,227.8,23.5,57.9,543,132.5,0.101,0.021,0.922,2.2,0.934,1018.3,NORMAL
670000,91.6,24.9,81.1,710,173.3,0.088,0.026,2.327,37.8,2.36,1007.9,LANDSLIDE
1473000,135.4,47.9,33.3,2493,608.9,0.06,0.116,0.904,0.1,0.942,1003.1,FOREST_FIRE
1502000,172.4,24.3,75.0,618,150.9,-0.072,0.122,1.05,1.7,1.06,1015.6,NORMAL
1552000,124.3,28.9,76.8,1185,289.4,0.087,0.145,0.872,-6.0,0.901,1019.1,NORMAL
1724000,118.0,24.9,69.9,1031,251.7,-0.143,-0.028,1.005,1.2,1.042,1019.1,NORMAL
1087000,177.3,52.6,41.3,3422,835.6,-0.119,-0.092,1.069,-6.8,1.067,1011.5,FOREST_FIRE
1761000,109.4,26.9,77.4,1130,276.0,-0.129,0.063,1.09,-2.7,1.049,1006.6,NORMAL
1515000,131.8,22.5,55.4,1046,255.5,-0.115,-0.067,0.914,-7.8,0.962,1020.2,NORMAL
736000,237.1,24.3,82.5,1045,255.2,-0.048,-0.115,1.977,-42.9,1.986,1009.2,LANDSLIDE
243000,13.0,23.2,85.7,289,70.6,0.061,-0.061,0.875,-6.2,0.921,994.0,FLASH_FLOOD
755000,97.6,26.8,60.5,409,99.8,0.072,-0.069,1.997,24.8,2.038,1009.6,LANDSLIDE
691000,270.5,30.6,78.1,694,169.4,0.042,0.14,1.591,-30.3,1.554,1021.5,LANDSLIDE
660000,242.3,24.1,82.2,286,69.8,0.061,0.072,1.734,40.3,1.784,1011.0,LANDSLIDE
1430000,188.2,43.6,19.0,2471,603.5,0.047,-0.053,0.96,7.3,0.965,998.8,FOREST_FIRE
214000,9.3,20.0,81.6,446,109.0,0.141,0.115,0.913,-4.0,0.914,1004.7,FLASH_FLOOD
564000,150.1,22.8,89.0,342,83.6,0.106,0.078,1.413,39.5,1.371,1017.5,LANDSLIDE
1217000,173.7,46.0,42.6,3617,883.3,-0.04,-0.142,1.042,3.3,1.069,1006.8,FOREST_FIRE
1688000,168.9,31.8,76.0,420,102.5,-0.143,-0.06,1.02,-6.0,1.008,1019.5,NORMAL
38000,35.2,31.4,76.0,536,131.0,-0.104,-0.112,1.073,2.4,1.056,990.4,FLASH_FLOOD
1307000,97.3,47.9,29.3,2616,638.8,-0.118,0.046,0.978,-2.6,0.952,999.1,FOREST_FIRE
1627000,97.6,30.1,65.5,394,96.2,-0.053,0.142,1.083,5.7,1.059,1018.8,NORMAL
605000,147.1,31.5,83.8,726,177.3,-0.11,-0.044,1.489,-37.5,1.534,1021.4,LANDSLIDE
303000,43.4,21.8,94.2,415,101.3,-0.0,0.149,1.011,-1.1,0.976,993.5,FLASH_FLOOD
1566000,221.6,26.9,84.7,724,176.9,0.043,0.045,0.882,6.5,0.926,1012.7,NORMAL
60000,23.3,28.7,82.3,1090,266.1,-0.104,-0.009,1.035,6.0,0.988,1003.1,FLASH_FLOOD
1156000,184.9,46.6,40.1,3536,863.5,-0.095,0.042,0.96,-2.0,0.921,1007.8,FOREST_FIRE
955000,209.6,30.8,78.3,704,171.8,-0.016,0.149,1.936,-22.6,1.949,1007.3,LANDSLIDE
972000,199.3,29.5,55.8,382,93.3,0.101,0.032,1.861,-29.9,1.874,1019.9,LANDSLIDE
760000,113.9,29.7,63.8,524,127.8,0.019,-0.003,1.632,-31.4,1.632,1014.6,LANDSLIDE
1020000,135.7,37.1,26.7,3226,787.7,0.013,-0.071,1.099,-6.9,1.09,1002.2,FOREST_FIRE
1927000,141.9,26.3,81.2,1216,296.9,-0.095,0.027,1.021,-3.1,1.057,1017.6,NORMAL
59000,33.2,29.7,81.6,412,100.7,0.096,0.144,0.908,4.4,0.909,1003.3,FLASH_FLOOD
269000,27.3,26.9,76.8,517,126.2,-0.034,0.039,0.904,-6.6,0.911,995.2,FLASH_FLOOD
148000,15.5,26.2,84.9,989,241.6,0.144,-0.009,1.041,-1.9,1.007,992.0,FLASH_FLOOD
744000,93.0,26.9,83.8,464,113.3,0.062,0.103,1.654,24.9,1.66,1012.6,LANDSLIDE
951000,94.7,29.8,87.7,698,170.5,0.005,-0.098,1.611,-43.3,1.616,1011.6,LANDSLIDE
1887000,198.7,31.7,76.4,627,153.1,0.128,-0.053,0.945,0.3,0.904,1021.6,NORMAL
658000,217.4,25.4,87.4,561,137.0,0.131,0.122,1.976,28.6,2.016,1012.4,LANDSLIDE
561000,209.7,27.2,89.2,471,115.0,-0.075,0.056,2.324,-27.6,2.302,1010.6,LANDSLIDE
828000,216.8,26.4,66.5,867,211.8,0.072,0.137,2.25,-25.2,2.264,1016.7,LANDSLIDE
1932000,197.3,23.5,73.5,692,169.1,-0.147,0.021,1.006,4.8,1.042,1017.7,NORMAL
1355000,252.9,47.9,21.0,2656,648.5,-0.137,-0.132,1.1,5.6,1.097,1009.5,FOREST_FIRE
426000,12.4,24.6,86.6,756,184.5,0.098,0.1,1.031,3.4,1.051,990.8,FLASH_FLOOD
1713000,162.8,26.3,69.7,226,55.2,-0.025,-0.112,1.023,-5.2,0.994,1020.2,NORMAL
1635000,99.0,25.3,70.9,848,207.0,0.097,0.047,0.875,2.4,0.9,1019.7,NORMAL
111000,33.5,31.1,89.1,233,56.9,0.003,-0.114,1.048,0.7,1.078,1005.9,FLASH_FLOOD
1709000,137.7,25.8,80.1,688,168.0,-0.057,0.068,0.982,0.2,0.974,1021.5,NORMAL
782000,169.5,23.0,87.0,661,161.4,-0.077,0.067,2.128,32.5,2.118,1018.8,LANDSLIDE
1947000,115.4,25.3,79.1,1112,271.6,0.049,0.112,0.999,-2.1,1.033,1016.3,NORMAL
1818000,138.5,24.9,55.8,439,107.3,0.044,-0.075,1.043,6.3,1.004,1017.0,NORMAL
1998000,156.2,23.7,62.2,372,90.9,-0.063,0.122,1.03,0.1,1.076,1011.7,NORMAL
1461000,99.3,45.5,42.9,2474,604.1,-0.082,-0.098,0.955,5.9,0.978,1006.4,FOREST_FIRE
1161000,242.1,46.1,13.3,3002,733.0,-0.143,-0.1,0.949,7.7,0.909,1011.6,FOREST_FIRE
1013000,156.2,39.2,16.7,3501,855.0,0.074,-0.13,1.052,-6.3,1.002,1010.5,FOREST_FIRE
494000,39.1,29.5,80.9,1017,248.5,-0.106,-0.147,1.012,-1.4,0.982,990.6,FLASH_FLOOD
1752000,170.2,27.4,74.8,1107,270.4,-0.083,0.11,1.062,5.5,1.028,1018.0,NORMAL
1405000,173.8,35.1,33.4,2839,693.4,0.053,0.087,1.006,0.8,1.006,999.5,FOREST_FIRE
246000,40.1,21.1,94.4,345,84.3,-0.03,0.139,0.965,-2.3,0.988,993.7,FLASH_FLOOD
220000,21.7,26.4,96.0,792,193.3,0.114,-0.007,1.026,0.9,1.068,999.5,FLASH_FLOOD
340000,18.3,24.7,74.7,1150,280.9,-0.044,0.038,0.923,-7.7,0.949,996.9,FLASH_FLOOD
439000,44.9,25.9,73.2,1059,258.7,0.048,-0.124,1.0,-0.4,1.036,998.8,FLASH_FLOOD
727000,189.4,25.0,75.0,456,111.3,-0.054,-0.071,1.448,-39.7,1.481,1016.1,LANDSLIDE
1715000,171.3,22.7,59.0,746,182.2,-0.007,-0.022,0.888,6.8,0.905,1015.7,NORMAL
1593000,257.4,27.5,83.3,782,191.0,-0.024,-0.056,0.884,3.3,0.914,1018.4,NORMAL
891000,100.1,23.6,74.1,282,69.0,-0.119,-0.08,1.727,38.6,1.739,1005.3,LANDSLIDE
34000,7.6,24.9,86.3,311,76.0,-0.088,-0.024,1.079,-4.3,1.039,998.3,FLASH_FLOOD
17000,12.4,27.1,90.3,1072,261.7,-0.114,0.117,1.067,-5.5,1.092,994.7,FLASH_FLOOD
1287000,121.1,44.0,30.3,3283,801.8,0.09,-0.031,0.936,2.5,0.904,1008.9,FOREST_FIRE
603000,72.2,22.9,57.8,1170,285.7,0.135,0.053,2.242,34.7,2.199,1017.6,LANDSLIDE
215000,11.5,20.9,95.4,674,164.7,-0.054,0.135,0.988,5.8,1.03,995.9,FLASH_FLOOD
450000,31.1,23.6,94.1,1017,248.3,0.012,-0.09,0.932,-0.4,0.942,998.7,FLASH_FLOOD
672000,94.1,23.7,56.2,789,192.6,0.093,-0.021,1.737,44.2,1.768,1016.0,LANDSLIDE
641000,104.2,23.6,83.1,371,90.6,-0.118,-0.086,1.553,-41.5,1.602,1015.3,LANDSLIDE
1005000,181.6,47.5,37.7,3234,789.8,0.129,0.124,0.977,-7.3,0.967,1012.6,FOREST_FIRE
1423000,151.6,51.2,26.2,2829,690.8,-0.104,0.086,1.021,5.7,1.028,1002.7,FOREST_FIRE
994000,239.0,23.2,63.2,687,167.9,-0.049,0.029,1.615,41.5,1.605,1011.9,LANDSLIDE
1003000,244.2,49.2,38.0,3068,749.2,-0.005,0.097,1.054,-1.3,1.054,995.1,FOREST_FIRE
1641000,218.9,22.5,57.6,436,106.6,-0.082,-0.098,0.913,-3.1,0.945,1006.7,NORMAL
1345000,154.4,41.2,17.3,3106,758.4,0.023,0.117,1.031,4.9,1.018,1006.8,FOREST_FIRE
412000,40.2,28.8,71.6,741,181.0,0.052,0.116,1.019,4.7,1.058,1008.9,FLASH_FLOOD
993000,102.3,25.0,63.5,1174,286.6,-0.008,-0.141,2.25,23.3,2.206,1020.7,LANDSLIDE
1915000,118.3,31.0,85.6,933,227.7,-0.043,-0.125,1.038,4.5,0.996,1008.8,NORMAL
1879000,249.1,30.5,77.2,1023,249.8,0.126,0.103,1.058,7.8,1.022,1019.9,NORMAL
360000,12.0,24.0,80.1,527,128.8,0.125,0.089,1.038,3.6,1.023,1003.4,FLASH_FLOOD
792000,252.3,25.4,87.7,374,91.4,-0.012,-0.135,1.402,23.1,1.392,1012.7,LANDSLIDE
1541000,152.1,31.7,80.6,267,65.2,-0.01,-0.134,1.061,5.0,1.039,1021.8,NORMAL
1716000,172.7,23.4,61.9,738,180.2,0.096,0.005,0.893,1.4,0.914,1007.3,NORMAL
312000,16.7,22.8,70.2,1172,286.2,-0.026,0.018,0.891,-0.4,0.902,997.5,FLASH_FLOOD
436000,16.3,30.8,86.1,779,190.3,-0.12,-0.086,0.944,-7.8,0.943,1009.5,FLASH_FLOOD
1946000,227.3,29.3,72.3,436,106.5,0.009,0.081,1.037,0.2,1.003,1018.8,NORMAL
1035000,216.9,38.3,36.5,3651,891.5,-0.003,0.148,1.025,-4.1,0.995,1013.5,FOREST_FIRE
504000,257.8,24.9,73.3,488,119.3,0.117,-0.085,1.433,25.3,1.401,1005.5,LANDSLIDE
1107000,214.5,51.9,28.4,3860,942.6,-0.101,-0.109,0.937,-0.4,0.954,1002.0,FOREST_FIRE
575000,256.5,25.6,68.9,1202,293.6,-0.108,0.031,2.148,42.0,2.111,1005.1,LANDSLIDE
1620000,160.7,23.2,86.2,645,157.6,-0.026,0.136,0.999,-6.0,1.049,1021.8,NORMAL
959000,197.4,24.3,64.2,624,152.3,0.11,0.075,1.723,37.4,1.76,1005.5,LANDSLIDE
1970000,170.0,31.8,70.1,688,168.1,0.135,0.068,1.015,-2.6,0.982,1014.6,NORMAL
1198000,168.4,44.1,34.7,3556,868.4,-0.061,0.031,1.12,-3.0,1.091,997.8,FOREST_FIRE
905000,76.6,28.5,79.5,1224,299.0,0.112,0.128,1.651,-37.1,1.7,1021.9,LANDSLIDE
540000,228.0,24.0,61.9,486,118.7,0.072,0.124,2.349,-38.2,2.398,1009.7,LANDSLIDE
389000,9.8,30.3,73.9,1053,257.2,0.12,0.02,1.074,7.2,1.028,1003.1,FLASH_FLOOD
1673000,246.1,29.9,57.8,695,169.8,-0.113,0.023,0.901,1.8,0.922,1021.8,NORMAL
1759000,206.0,23.4,78.6,552,134.8,-0.095,0.101,1.033,4.5,1.025,1021.3,NORMAL
578000,237.3,31.1,80.7,371,90.7,-0.06,0.052,1.489,-41.7,1.484,1014.7,LANDSLIDE
1361000,168.5,51.4,42.2,3128,763.8,0.143,0.139,0.895,2.2,0.941,1000.3,FOREST_FIRE
493000,25.2,21.0,81.2,983,239.9,-0.042,0.049,1.027,-4.1,1.062,1005.1,FLASH_FLOOD
397000,11.0,27.0,97.7,874,213.5,-0.108,0.046,1.033,-0.7,1.036,990.7,FLASH_FLOOD
1231000,147.7,39.3,29.2,3072,750.2,0.003,0.025,1.102,0.6,1.062,1013.9,FOREST_FIRE
82000,13.6,25.0,80.2,315,76.9,0.066,0.083,0.913,2.1,0.906,997.4,FLASH_FLOOD
1155000,150.3,43.5,22.4,2529,617.6,0.043,-0.097,1.037,-3.9,1.058,1013.0,FOREST_FIRE
422000,22.8,21.1,71.7,750,183.2,0.025,-0.083,1.024,-3.1,0.98,1002.8,FLASH_FLOOD
210000,28.5,31.0,93.2,1142,278.9,0.108,0.138,0.952,5.5,0.965,1006.9,FLASH_FLOOD
562000,96.4,28.1,68.4,635,155.0,-0.098,0.015,2.365,-26.4,2.335,1006.2,LANDSLIDE
623000,274.0,24.6,59.7,478,116.7,0.011,0.144,1.563,30.2,1.536,1005.2,LANDSLIDE
1331000,199.7,46.2,36.9,2771,676.6,0.012,0.103,1.021,7.5,0.971,1003.8,FOREST_FIRE
355000,29.4,28.3,87.8,216,52.7,-0.097,-0.013,0.944,-1.3,0.936,1005.7,FLASH_FLOOD
1168000,99.5,41.0,14.8,3326,812.1,-0.096,-0.062,1.006,-7.2,1.019,1006.6,FOREST_FIRE
1763000,124.6,30.6,87.1,503,122.8,0.118,0.03,1.004,0.1,1.043,1011.1,NORMAL
1676000,113.6,25.1,57.6,551,134.5,-0.01,0.013,1.082,-0.2,1.062,1020.9,NORMAL
1051000,111.1,40.2,40.0,2748,671.0,-0.0,0.129,0.903,0.5,0.901,1014.0,FOREST_FIRE
1022000,90.9,38.8,29.2,2554,623.7,0.05,-0.092,1.062,-3.6,1.059,999.2,FOREST_FIRE
644000,239.6,30.0,71.7,204,49.7,0.046,0.081,2.245,-36.4,2.279,1006.3,LANDSLIDE
1586000,208.4,28.4,85.6,1022,249.6,0.044,-0.084,1.061,-3.6,1.014,1007.7,NORMAL
1239000,175.2,51.8,41.8,3211,784.2,0.117,-0.035,0.994,0.9,0.974,1010.1,FOREST_FIRE
1077000,227.2,51.9,37.2,3110,759.5,0.026,0.082,1.12,-2.6,1.085,998.0,FOREST_FIRE
455000,8.6,31.3,91.7,1123,274.1,-0.116,0.07,1.016,-1.5,0.973,992.8,FLASH_FLOOD
1710000,128.6,28.2,86.4,468,114.3,-0.109,-0.08,1.092,4.5,1.045,1021.6,NORMAL
1802000,203.4,28.3,87.3,1196,292.1,-0.023,-0.049,1.062,-7.9,1.012,1005.5,NORMAL
1892000,98.8,26.1,74.6,574,140.2,0.102,-0.143,0.928,-2.8,0.97,1005.3,NORMAL
228000,28.8,22.1,96.1,840,205.2,-0.045,-0.101,0.946,-6.0,0.906,1001.7,FLASH_FLOOD
547000,213.8,24.1,85.5,1035,252.7,-0.067,-0.148,1.842,-29.1,1.878,1014.8,LANDSLIDE
1944000,190.2,27.7,65.8,966,235.9,0.137,-0.08,1.056,-3.8,1.062,1017.4,NORMAL
730000,143.4,27.5,63.0,1220,297.9,-0.127,-0.017,1.982,-41.5,1.981,1019.4,LANDSLIDE
1924000,105.4,26.7,61.8,257,62.7,-0.05,0.042,0.904,3.6,0.918,1009.2,NORMAL
1065000,109.8,38.9,44.7,3309,808.1,-0.033,0.115,0.862,4.5,0.904,999.1,FOREST_FIRE
1675000,156.1,26.3,78.2,597,145.7,-0.053,0.077,0.969,-3.9,0.969,1007.8,NORMAL
1214000,250.2,35.5,35.1,3065,748.4,0.095,0.13,1.06,-7.1,1.041,999.7,FOREST_FIRE
1737000,98.8,24.8,80.0,1087,265.4,-0.122,0.019,0.996,-5.7,1.024,1018.0,NORMAL
19000,42.3,30.6,96.4,1224,299.0,-0.103,0.1,0.963,-6.8,0.943,997.4,FLASH_FLOOD
1873000,189.1,25.8,68.4,1161,283.5,-0.046,-0.08,0.923,-1.2,0.935,1007.9,NORMAL
1639000,241.8,31.8,69.1,383,93.5,-0.109,-0.139,0.977,3.8,0.928,1007.3,NORMAL
1993000,166.8,31.8,81.6,445,108.7,-0.086,-0.038,1.007,2.1,0.976,1011.3,NORMAL
1663000,180.7,24.1,79.0,271,66.1,-0.07,0.069,1.058,-7.3,1.013,1018.6,NORMAL
874000,108.8,30.0,68.3,1066,260.3,-0.03,-0.082,1.923,31.9,1.875,1008.0,LANDSLIDE
198000,33.5,21.1,97.6,417,101.9,0.006,0.06,0.899,-0.1,0.912,1007.9,FLASH_FLOOD
648000,247.4,31.4,89.0,551,134.5,0.136,-0.038,1.753,37.7,1.735,1015.5,LANDSLIDE
1969000,171.8,25.2,86.4,549,134.0,0.063,0.042,1.003,-3.2,1.023,1016.0,NORMAL
459000,39.3,24.7,97.3,550,134.3,0.143,-0.073,0.883,5.0,0.924,997.9,FLASH_FLOOD
298000,32.3,30.9,85.0,540,131.9,0.071,0.112,0.924,6.3,0.954,994.0,FLASH_FLOOD
1992000,189.5,25.8,87.3,1005,245.3,-0.05,0.036,1.042,0.7,1.061,1007.5,NORMAL
690000,214.0,28.6,63.9,1045,255.2,0.068,-0.144,1.516,37.3,1.468,1013.8,LANDSLIDE
115000,33.8,27.3,95.3,343,83.8,0.098,-0.141,0.885,7.1,0.931,1001.3,FLASH_FLOOD
1951000,144.8,24.0,87.8,531,129.6,0.127,0.06,0.965,4.6,0.966,1015.7,NORMAL
654000,210.3,26.8,79.1,906,221.1,0.035,-0.053,1.48,-22.2,1.432,1011.6,LANDSLIDE
1693000,191.4,24.4,80.2,178,43.6,0.124,0.085,1.02,5.0,1.011,1021.3,NORMAL
2000,32.9,24.1,74.7,791,193.2,-0.049,-0.122,0.861,5.0,0.901,1009.1,FLASH_FLOOD
962000,181.9,30.4,75.6,890,217.4,0.035,-0.131,2.387,29.8,2.374,1007.3,LANDSLIDE
1793000,250.8,29.6,65.7,1187,289.9,-0.001,-0.135,0.97,-2.1,0.982,1018.2,NORMAL
1426000,145.1,41.6,37.0,3103,757.8,0.144,0.118,0.879,-5.1,0.91,1005.6,FOREST_FIRE
160000,28.9,23.9,81.6,598,146.1,-0.034,-0.125,1.011,-7.6,0.971,995.8,FLASH_FLOOD
780000,168.2,28.8,65.1,1195,291.8,-0.141,-0.115,1.637,-33.8,1.621,1009.6,LANDSLIDE
13000,12.6,21.2,82.9,772,188.5,-0.01,0.069,1.074,-0.4,1.057,998.5,FLASH_FLOOD
36000,11.6,25.6,73.8,195,47.5,-0.142,-0.032,1.042,-2.6,1.036,1002.4,FLASH_FLOOD
537000,119.2,29.2,72.3,591,144.2,-0.084,-0.022,1.812,-27.0,1.825,1005.6,LANDSLIDE
1321000,201.2,43.9,24.3,3212,784.3,-0.117,0.141,1.016,4.3,1.024,1005.1,FOREST_FIRE
1849000,180.9,29.4,74.4,272,66.5,-0.002,0.04,1.112,7.0,1.094,1012.4,NORMAL
390000,16.1,25.1,97.1,661,161.4,-0.053,-0.101,0.985,7.0,1.028,1005.4,FLASH_FLOOD
165000,33.6,29.5,72.2,695,169.8,-0.006,-0.03,0.949,2.1,0.948,1009.8,FLASH_FLOOD
1164000,103.5,51.8,31.8,3963,967.6,0.134,0.014,1.111,0.3,1.099,1007.5,FOREST_FIRE
885000,156.9,26.2,75.0,831,202.8,-0.067,0.12,1.818,-28.3,1.787,1017.5,LANDSLIDE
1059000,235.3,45.1,36.5,2993,731.0,-0.011,0.0,1.074,7.3,1.084,1002.8,FOREST_FIRE
1535000,212.1,22.2,74.6,798,194.8,0.116,0.104,0.996,-2.4,0.97,1008.6,NORMAL
1006000,190.5,39.6,41.7,2873,701.7,0.009,-0.138,1.076,-3.2,1.03,1000.3,FOREST_FIRE
343000,44.0,21.7,98.0,915,223.3,-0.055,0.017,0.972,0.4,0.927,1008.3,FLASH_FLOOD
1518000,181.9,22.2,70.6,325,79.4,0.141,-0.035,1.041,-2.9,1.022,1010.7,NORMAL
606000,131.6,27.0,61.0,524,127.9,-0.086,0.071,1.671,41.7,1.664,1019.5,LANDSLIDE
1987000,211.1,31.2,66.0,938,229.1,0.135,-0.07,1.1,-1.4,1.054,1020.0,NORMAL
950000,156.2,31.2,70.9,421,102.8,-0.147,-0.111,1.614,39.9,1.577,1010.3,LANDSLIDE
643000,175.8,24.8,68.9,964,235.5,0.001,0.083,2.244,24.2,2.291,1016.9,LANDSLIDE
1910000,210.4,25.8,86.0,181,44.1,0.143,0.026,0.878,-2.0,0.927,1011.9,NORMAL
1534000,144.2,27.9,59.8,959,234.3,-0.051,0.004,0.919,7.4,0.956,1009.9,NORMAL
1860000,134.4,26.0,75.0,439,107.1,-0.054,-0.122,1.034,5.2,1.045,1014.4,NORMAL
856000,272.3,29.9,81.5,274,66.8,-0.023,0.041,2.265,30.3,2.229,1015.2,LANDSLIDE
362000,44.3,27.5,95.3,540,131.9,-0.033,0.029,0.993,7.5,0.956,1001.4,FLASH_FLOOD
1452000,225.6,49.7,43.9,2953,721.0,-0.002,-0.021,1.072,6.9,1.058,1005.9,FOREST_FIRE
1703000,97.8,23.4,68.5,185,45.3,0.121,0.057,1.031,5.3,1.021,1011.7,NORMAL
1304000,125.6,38.7,42.2,3234,789.7,-0.102,-0.042,0.929,1.6,0.963,1010.9,FOREST_FIRE
1074000,128.8,48.0,41.4,3309,808.1,0.018,-0.145,1.064,-2.8,1.033,1008.1,FOREST_FIRE
1878000,146.1,28.2,59.7,186,45.4,0.023,-0.046,1.015,-3.7,0.968,1019.2,NORMAL
1427000,97.8,42.5,17.2,3240,791.3,0.1,-0.088,0.886,-4.0,0.902,996.4,FOREST_FIRE
725000,265.8,25.4,84.0,619,151.2,-0.064,0.147,2.354,24.5,2.35,1006.0,LANDSLIDE
1720000,124.3,23.0,78.1,891,217.6,-0.048,-0.087,1.016,-1.4,1.014,1020.0,NORMAL
521000,204.6,24.7,84.7,1196,292.2,0.133,-0.134,2.379,-42.3,2.335,1016.6,LANDSLIDE
418000,43.8,29.2,71.4,1004,245.2,-0.013,-0.1,0.994,-5.3,0.952,997.1,FLASH_FLOOD
1784000,143.9,31.6,73.6,1148,280.3,0.082,-0.117,1.133,6.7,1.088,1009.9,NORMAL
1529000,156.9,25.3,83.4,208,50.8,-0.137,0.069,1.026,-1.7,0.987,1005.1,NORMAL
569000,104.8,23.6,59.1,921,225.0,-0.022,0.058,2.27,-23.8,2.27,1021.6,LANDSLIDE
249000,18.5,26.3,91.0,778,189.9,0.049,-0.075,1.08,1.0,1.096,991.9,FLASH_FLOOD
396000,26.4,30.0,83.5,685,167.2,-0.139,-0.133,1.037,-7.0,1.008,1009.9,FLASH_FLOOD
118000,29.6,23.0,96.0,428,104.5,-0.052,0.023,0.939,-6.5,0.958,993.2,FLASH_FLOOD
1105000,213.9,51.9,28.4,2847,695.3,0.105,-0.136,1.109,6.2,1.064,1003.5,FOREST_FIRE
401000,21.6,29.7,93.2,355,86.6,-0.088,0.042,1.033,-6.6,1.03,1003.8,FLASH_FLOOD
1512000,253.4,22.9,79.3,341,83.3,-0.035,0.141,0.923,0.6,0.969,1009.6,NORMAL
1058000,179.5,39.0,30.8,3490,852.3,-0.085,-0.029,0.991,4.6,1.009,999.0,FOREST_FIRE
213000,34.8,22.9,99.5,399,97.4,0.116,-0.123,1.108,1.0,1.087,993.4,FLASH_FLOOD
1437000,117.2,35.1,17.8,3379,825.1,0.077,-0.052,1.052,-0.9,1.096,1009.8,FOREST_FIRE
1271000,126.7,47.0,37.0,2673,652.7,0.052,-0.142,1.043,-0.2,0.997,1008.0,FOREST_FIRE
1943000,214.1,25.3,81.6,1076,262.8,0.069,0.018,1.105,0.3,1.06,1018.0,NORMAL
571000,148.7,22.1,60.9,267,65.2,0.061,-0.091,1.497,28.6,1.529,1012.1,LANDSLIDE
1516000,224.0,29.6,76.1,745,181.9,-0.087,-0.035,1.088,-5.1,1.061,1005.4,NORMAL
538000,200.4,23.6,84.5,254,62.0,-0.022,-0.01,1.829,-27.3,1.839,1013.8,LANDSLIDE
1976000,172.6,29.9,84.3,800,195.4,0.046,-0.029,0.938,5.3,0.972,1013.5,NORMAL
949000,184.2,28.9,76.7,1198,292.6,-0.125,0.067,1.87,-33.2,1.849,1005.7,LANDSLIDE
153000,26.1,29.8,78.0,278,67.8,-0.038,-0.028,0.936,-6.5,0.93,997.9,FLASH_FLOOD
615000,80.9,26.3,56.8,551,134.5,0.073,-0.086,1.39,-42.6,1.393,1009.2,LANDSLIDE
222000,41.4,31.0,72.0,1226,299.3,-0.031,-0.052,1.044,2.0,1.067,997.8,FLASH_FLOOD
1165000,132.3,53.6,23.3,2969,724.9,-0.123,-0.048,1.0,-1.7,1.024,1012.9,FOREST_FIRE
1883000,92.8,28.1,64.0,910,222.2,0.112,0.11,1.064,-0.7,1.071,1015.9,NORMAL
1390000,240.0,40.2,27.5,3701,903.7,-0.057,0.142,0.98,2.6,1.011,1014.3,FOREST_FIRE
940000,88.6,32.0,56.5,1076,262.8,-0.04,0.096,1.655,-38.5,1.651,1018.5,LANDSLIDE
1438000,194.2,47.1,14.5,3605,880.3,-0.002,0.012,0.998,-2.8,1.04,1014.8,FOREST_FIRE
1839000,101.7,24.9,68.3,480,117.3,-0.089,-0.084,0.956,-1.7,0.976,1013.4,NORMAL
1472000,177.9,42.7,20.2,2844,694.5,0.115,-0.14,1.07,3.2,1.03,1003.2,FOREST_FIRE
1917000,91.5,22.8,78.6,542,132.4,-0.024,-0.055,0.985,-2.0,0.954,1021.1,NORMAL
1412000,246.8,35.1,14.8,3224,787.2,0.065,-0.01,1.112,2.8,1.067,1010.2,FOREST_FIRE
1070000,158.5,47.5,38.3,3881,947.8,0.099,0.043,1.114,1.2,1.089,1008.1,FOREST_FIRE
112000,29.5,21.0,79.3,754,184.0,0.066,0.008,1.088,-2.1,1.061,1010.0,FLASH_FLOOD
1916000,159.1,28.8,81.4,494,120.6,-0.089,0.141,1.041,5.9,0.999,1010.1,NORMAL
964000,167.2,28.7,61.6,1002,244.6,0.006,-0.115,1.587,37.8,1.565,1008.2,LANDSLIDE
1500000,228.0,37.6,30.7,3342,816.1,0.1,-0.035,0.993,-5.6,1.027,1007.9,FOREST_FIRE
764000,71.2,29.2,84.8,722,176.3,0.06,-0.09,2.352,-25.5,2.393,1012.1,LANDSLIDE
1385000,101.2,38.0,10.5,3936,961.1,-0.088,-0.085,0.954,3.9,0.998,995.0,FOREST_FIRE
1350000,244.2,46.6,20.5,4038,986.2,0.093,0.087,0.932,-6.7,0.903,1013.5,FOREST_FIRE
1806000,121.4,30.7,69.0,654,159.8,-0.036,-0.095,1.027,-3.8,1.01,1019.3,NORMAL
1522000,103.4,31.8,85.3,376,91.9,-0.12,-0.049,0.907,5.7,0.929,1011.6,NORMAL
710000,104.0,23.1,70.7,842,205.7,0.094,0.093,1.53,-37.6,1.561,1013.3,LANDSLIDE
1662000,103.8,27.9,81.6,405,98.9,0.05,0.1,0.97,-3.6,0.954,1013.1,NORMAL
703000,226.4,30.4,74.1,889,217.1,-0.078,0.003,1.519,-36.6,1.499,1012.4,LANDSLIDE
195000,25.1,30.8,75.4,931,227.3,0.144,0.136,0.872,-3.7,0.916,1006.1,FLASH_FLOOD
314000,29.9,22.3,70.6,472,115.3,0.01,-0.094,0.984,2.2,1.024,991.0,FLASH_FLOOD
80000,14.0,21.3,95.4,538,131.4,0.079,0.022,0.973,1.2,0.943,997.4,FLASH_FLOOD
1033000,107.5,43.2,44.9,2576,629.0,0.143,-0.018,1.037,-4.3,1.073,1008.6,FOREST_FIRE
1127000,171.3,38.9,10.2,3138,766.2,-0.087,0.028,0.898,3.8,0.939,1004.4,FOREST_FIRE
1377000,99.1,50.7,41.6,2758,673.5,0.044,-0.145,1.036,5.2,1.052,997.9,FOREST_FIRE
1636000,250.2,30.1,57.5,355,86.6,-0.095,-0.134,0.948,3.9,0.902,1005.6,NORMAL
1442000,250.6,46.4,11.2,2826,690.1,-0.045,-0.092,0.877,-4.2,0.907,1013.0,FOREST_FIRE
684000,127.2,28.6,70.8,1151,281.0,-0.121,0.045,1.429,33.6,1.406,1007.6,LANDSLIDE
368000,28.7,30.0,91.0,221,54.0,-0.056,0.095,0.957,-1.2,0.936,1002.3,FLASH_FLOOD
829000,227.0,29.7,81.2,506,123.5,-0.143,-0.114,1.609,44.3,1.618,1008.4,LANDSLIDE
1953000,110.5,26.3,66.3,960,234.5,-0.073,-0.083,1.035,-6.1,1.023,1013.4,NORMAL
1546000,207.3,23.9,83.6,807,197.0,0.02,0.108,1.036,-0.3,1.057,1007.3,NORMAL
1125000,217.6,41.0,42.3,3514,858.2,0.107,0.022,0.901,4.3,0.94,1011.3,FOREST_FIRE
1696000,153.1,24.3,81.5,1115,272.4,-0.122,-0.083,0.98,-6.7,0.964,1012.6,NORMAL
1692000,109.6,26.6,75.5,319,77.9,0.066,-0.075,1.074,-4.4,1.032,1017.3,NORMAL
914000,230.3,29.0,76.2,770,188.0,-0.056,0.15,1.844,40.7,1.875,1011.1,LANDSLIDE
1014000,245.2,39.0,11.5,3199,781.2,-0.043,0.146,1.021,4.3,0.977,995.1,FOREST_FIRE
158000,19.2,31.3,83.0,195,47.7,0.048,-0.124,1.11,-3.6,1.099,1003.6,FLASH_FLOOD
297000,25.7,20.1,95.0,885,216.0,-0.122,0.052,0.995,-4.3,0.963,995.0,FLASH_FLOOD
43000,40.2,28.4,78.3,357,87.3,0.134,-0.124,1.082,-4.6,1.06,990.2,FLASH_FLOOD
1193000,245.7,54.9,17.9,2919,712.9,0.012,-0.12,0.929,-6.6,0.918,1011.2,FOREST_FIRE
1136000,230.7,40.7,18.7,2661,649.9,0.122,-0.028,0.944,2.3,0.944,1007.3,FOREST_FIRE
447000,18.0,25.5,95.9,234,57.0,0.12,-0.07,0.987,-3.1,0.968,1001.4,FLASH_FLOOD
1016000,95.5,40.9,40.1,2547,622.0,0.139,-0.109,0.938,-2.9,0.962,1001.0,FOREST_FIRE
1699000,216.5,24.8,61.4,1123,274.2,-0.14,-0.126,0.981,-5.2,0.96,1005.1,NORMAL
798000,116.4,22.2,69.5,448,109.4,0.033,0.068,2.105,-27.1,2.094,1010.4,LANDSLIDE
1958000,197.7,22.5,57.9,703,171.6,0.123,0.016,0.859,-7.5,0.902,1008.5,NORMAL
902000,74.2,25.8,68.3,185,45.2,-0.002,0.052,1.804,-35.5,1.82,1020.8,LANDSLIDE
1119000,225.9,46.0,18.3,2730,666.6,0.061,-0.077,1.036,1.4,1.028,1008.1,FOREST_FIRE
244000,38.4,28.0,74.5,516,126.0,0.004,0.067,0.994,-8.0,1.034,991.8,FLASH_FLOOD
1252000,110.4,40.6,15.5,3051,745.1,-0.066,0.119,0.912,0.8,0.918,1014.4,FOREST_FIRE
734000,245.6,29.3,73.9,1099,268.4,-0.062,-0.077,1.607,34.0,1.633,1016.2,LANDSLIDE
1401000,149.7,54.7,43.5,3475,848.6,0.149,0.106,0.925,-1.6,0.931,1003.8,FOREST_FIRE
1561000,195.4,26.3,75.6,499,121.9,0.09,-0.088,1.106,-3.0,1.073,1015.2,NORMAL
1282000,242.0,44.6,11.5,2992,730.7,0.006,-0.092,1.051,-5.9,1.038,1013.0,FOREST_FIRE
686000,105.9,22.7,58.5,824,201.3,-0.089,0.041,1.891,38.9,1.87,1006.7,LANDSLIDE
1319000,128.4,54.4,22.2,2763,674.7,0.068,-0.131,1.006,-6.4,1.008,1009.7,FOREST_FIRE
77000,23.1,27.3,73.0,748,182.6,0.106,0.045,1.126,-2.8,1.099,1004.0,FLASH_FLOOD
1323000,237.9,47.3,30.8,3917,956.4,-0.052,0.031,0.982,-6.5,0.965,998.3,FOREST_FIRE
866000,121.2,31.9,55.9,904,220.7,-0.144,0.034,1.397,-40.7,1.363,1012.5,LANDSLIDE
1905000,160.0,30.6,59.6,1211,295.8,-0.146,0.137,1.059,2.1,1.083,1016.4,NORMAL
1585000,244.5,26.3,64.4,720,175.9,0.067,0.102,0.883,-5.5,0.901,1013.9,NORMAL
1334000,141.2,53.2,31.4,3171,774.5,-0.055,-0.022,1.023,-5.7,1.056,1004.6,FOREST_FIRE
124000,11.8,27.5,88.6,990,241.8,-0.106,0.054,0.997,1.2,1.044,1006.8,FLASH_FLOOD
441000,29.1,24.9,84.5,1004,245.3,0.08,-0.118,0.955,2.3,0.98,995.6,FLASH_FLOOD
1514000,195.3,24.6,80.1,876,214.0,-0.136,-0.002,1.031,-4.0,1.033,1020.7,NORMAL
1712000,140.3,29.8,59.1,970,236.8,0.126,0.051,1.07,-4.9,1.023,1020.5,NORMAL
1406000,213.1,54.9,24.2,3876,946.5,0.104,0.095,1.11,-3.6,1.06,995.4,FOREST_FIRE
252000,17.2,26.1,76.2,164,40.0,0.135,-0.041,0.976,-6.5,1.021,1003.4,FLASH_FLOOD
420000,41.8,24.9,85.0,561,137.0,-0.013,-0.054,0.883,0.6,0.933,992.9,FLASH_FLOOD
285000,18.7,25.4,87.7,357,87.3,-0.034,-0.117,0.923,2.6,0.953,994.6,FLASH_FLOOD
1147000,154.9,44.6,19.3,2839,693.3,-0.053,-0.095,0.981,-4.5,0.957,998.5,FOREST_FIRE
1079000,124.3,51.5,10.9,4005,978.1,-0.133,0.044,0.98,-4.9,1.022,1002.5,FOREST_FIRE
647000,275.5,25.1,87.7,462,112.8,0.079,-0.017,2.428,39.8,2.385,1008.0,LANDSLIDE
528000,255.9,28.2,61.5,211,51.5,0.083,-0.106,1.658,37.0,1.677,1013.7,LANDSLIDE
1817000,133.4,29.2,58.7,666,162.6,0.032,-0.131,1.01,4.3,0.988,1012.9,NORMAL
1794000,151.5,31.0,82.6,487,119.0,-0.13,-0.036,0.937,7.0,0.944,1010.6,NORMAL
1651000,248.8,26.6,77.6,1176,287.2,-0.069,0.132,0.988,3.9,1.009,1008.8,NORMAL
1328000,168.0,51.8,16.3,3333,813.9,0.006,0.081,0.97,-3.4,1.02,1000.1,FOREST_FIRE
402000,30.1,29.4,80.4,204,49.8,-0.079,-0.115,1.003,-5.1,1.0,990.1,FLASH_FLOOD
1745000,150.6,30.3,68.5,947,231.3,-0.13,0.111,1.055,0.3,1.033,1007.7,NORMAL
1046000,217.2,48.4,37.8,3283,801.6,-0.062,-0.102,1.102,3.5,1.098,1000.8,FOREST_FIRE
1029000,183.8,40.1,13.5,3869,944.8,-0.057,-0.029,0.91,-5.7,0.954,1005.3,FOREST_FIRE
322000,5.7,30.3,93.3,165,40.2,0.066,0.047,0.98,2.2,0.976,994.8,FLASH_FLOOD
775000,163.1,22.1,78.3,875,213.6,-0.067,-0.09,1.439,25.4,1.438,1017.9,LANDSLIDE
879000,89.1,23.4,88.6,1009,246.5,0.046,0.124,2.246,-33.0,2.24,1021.7,LANDSLIDE
1037000,229.8,39.0,20.3,2557,624.5,0.036,-0.141,0.958,-7.3,0.936,1004.0,FOREST_FIRE
1230000,153.1,50.0,34.2,3228,788.2,-0.122,0.017,0.972,-6.7,1.018,1009.1,FOREST_FIRE
1613000,101.7,30.5,80.8,533,130.2,0.089,-0.143,1.004,3.8,1.008,1014.9,NORMAL
1823000,113.3,23.1,55.9,711,173.6,-0.046,0.028,0.912,-0.8,0.9,1015.9,NORMAL
482000,43.6,27.2,84.6,347,84.7,0.142,-0.042,1.056,-0.4,1.038,1002.4,FLASH_FLOOD
896000,207.0,29.8,67.7,1082,264.2,-0.06,0.1,1.492,31.0,1.464,1010.2,LANDSLIDE
731000,145.7,24.4,66.4,1040,253.9,0.143,0.119,1.975,25.3,1.987,1019.9,LANDSLIDE
632000,152.0,25.7,64.3,1014,247.7,0.066,0.086,1.684,-39.9,1.686,1021.6,LANDSLIDE
1934000,202.4,22.3,88.6,1136,277.3,-0.111,0.092,0.974,-3.7,0.968,1013.4,NORMAL
781000,71.7,23.9,59.9,560,136.8,-0.024,-0.05,2.278,38.1,2.263,1005.6,LANDSLIDE
261000,16.5,28.0,97.8,761,185.9,0.137,0.143,1.038,-4.2,1.057,997.8,FLASH_FLOOD
1510000,253.0,26.3,70.5,607,148.2,0.127,0.115,0.964,-5.9,0.945,1021.8,NORMAL
318000,30.3,23.9,75.0,1109,270.8,-0.114,0.087,0.894,5.8,0.944,995.5,FLASH_FLOOD
1683000,118.6,23.4,71.5,698,170.4,-0.102,-0.081,0.975,-6.2,0.97,1018.5,NORMAL
747000,129.3,28.3,63.6,1092,266.7,-0.09,0.113,2.165,-33.1,2.12,1013.0,LANDSLIDE
229000,39.3,27.8,90.3,575,140.5,-0.027,-0.144,1.042,-5.4,1.014,995.4,FLASH_FLOOD
761000,148.9,31.6,63.3,678,165.6,0.077,-0.101,2.109,43.2,2.084,1017.5,LANDSLIDE
1564000,121.0,22.2,79.5,643,157.1,-0.109,-0.092,1.107,3.9,1.098,1019.9,NORMAL
1813000,195.1,29.9,63.2,522,127.4,-0.057,-0.14,1.032,-6.8,1.049,1021.0,NORMAL
1098000,240.1,49.6,21.6,3205,782.7,0.052,-0.1,1.091,5.9,1.051,995.8,FOREST_FIRE
1785000,189.1,25.9,71.9,772,188.6,0.109,0.11,0.913,7.3,0.928,1021.3,NORMAL
1721000,136.7,22.4,58.4,1091,266.4,-0.022,-0.062,1.054,5.0,1.061,1007.8,NORMAL
1485000,124.6,54.2,12.3,2718,663.7,-0.1,0.134,1.009,0.6,1.004,998.0,FOREST_FIRE
1376000,143.8,55.0,13.9,2731,666.9,0.139,-0.008,0.999,4.4,1.049,1011.2,FOREST_FIRE
843000,178.1,31.0,59.5,553,135.1,0.092,-0.107,1.498,-39.2,1.482,1013.1,LANDSLIDE
1072000,186.8,37.2,39.4,3779,922.8,0.084,0.083,1.084,5.7,1.091,999.5,FOREST_FIRE
865000,117.2,25.4,67.4,574,140.2,0.098,-0.076,1.656,-40.4,1.69,1019.9,LANDSLIDE
94000,19.5,22.2,76.4,724,176.9,-0.004,-0.082,0.948,2.3,0.985,1009.0,FLASH_FLOOD
1994000,108.6,24.8,87.4,268,65.4,0.122,-0.047,0.978,4.4,1.006,1019.5,NORMAL
1861000,91.5,29.8,76.1,986,240.7,-0.049,0.137,0.935,-0.5,0.98,1016.2,NORMAL
1137000,152.7,48.5,44.9,3066,748.8,-0.098,-0.076,0.911,-3.1,0.913,1003.5,FOREST_FIRE
1249000,157.5,44.1,44.3,2681,654.7,0.065,0.146,1.047,-5.1,1.071,1002.4,FOREST_FIRE
498000,11.4,20.3,93.9,263,64.1,-0.078,0.082,1.027,0.8,1.004,1001.9,FLASH_FLOOD
1357000,158.3,47.0,29.9,2799,683.6,0.036,0.061,1.051,-6.7,1.038,999.8,FOREST_FIRE
1577000,146.6,23.7,82.9,215,52.6,0.033,0.112,1.032,1.8,1.007,1005.5,NORMAL
1071000,219.4,50.7,30.3,3500,854.7,-0.106,0.02,0.984,-6.6,1.004,1006.4,FOREST_FIRE
523000,135.3,25.3,85.8,1218,297.5,0.038,-0.121,1.521,-43.1,1.523,1021.3,LANDSLIDE
1488000,92.8,54.9,24.7,3559,869.0,-0.066,-0.084,1.057,-0.7,1.027,1012.6,FOREST_FIRE
329000,13.9,30.3,70.7,715,174.6,0.057,-0.067,0.966,7.9,0.96,1006.4,FLASH_FLOOD
1131000,107.1,37.8,21.8,2471,603.5,0.145,-0.105,1.015,4.6,1.037,1008.3,FOREST_FIRE
90000,36.7,30.8,83.5,819,199.9,0.046,-0.054,0.99,0.1,0.993,1006.2,FLASH_FLOOD
877000,135.4,23.8,70.4,986,240.7,-0.063,-0.045,2.166,-36.3,2.198,1012.6,LANDSLIDE
382000,23.9,22.0,71.5,962,234.9,0.093,0.037,0.991,3.6,1.013,1009.8,FLASH_FLOOD
1497000,210.7,41.0,18.6,3317,810.1,0.134,0.092,1.123,-5.0,1.083,996.0,FOREST_FIRE
381000,23.8,26.2,84.1,497,121.2,-0.024,0.138,0.999,-7.2,0.969,1004.7,FLASH_FLOOD
1952000,137.0,27.4,71.0,1193,291.4,-0.034,0.116,1.07,-7.0,1.027,1021.5,NORMAL
1082000,238.3,54.6,29.8,3984,973.0,0.083,-0.143,1.128,5.2,1.085,996.3,FOREST_FIRE
1487000,102.8,47.0,41.3,3863,943.4,-0.008,-0.032,0.97,-1.2,1.018,998.4,FOREST_FIRE
81000,38.2,23.2,75.4,817,199.5,-0.057,-0.048,0.856,2.3,0.905,1004.1,FLASH_FLOOD
73000,14.7,21.5,86.9,847,206.8,0.08,-0.088,0.876,1.6,0.904,991.4,FLASH_FLOOD
1028000,141.5,54.3,19.4,3244,792.1,-0.11,0.084,1.087,-4.8,1.073,1003.8,FOREST_FIRE
1195000,193.2,45.4,32.2,2651,647.3,0.055,0.042,1.036,0.4,1.008,1005.6,FOREST_FIRE
1348000,203.9,52.5,38.8,3915,955.9,0.063,-0.045,0.99,1.3,0.988,1001.6,FOREST_FIRE
1847000,224.3,26.5,76.4,938,229.1,-0.065,0.034,1.079,2.5,1.067,1013.1,NORMAL
1199000,231.9,53.8,25.3,2747,670.8,0.133,-0.05,1.03,-3.5,1.022,997.8,FOREST_FIRE
1261000,235.1,37.0,32.6,4017,980.9,-0.083,0.139,1.016,-6.4,0.998,1014.6,FOREST_FIRE
1418000,151.9,52.9,15.5,3847,939.4,0.058,0.036,1.066,7.3,1.03,1009.1,FOREST_FIRE
1395000,183.3,54.5,22.1,2486,607.2,0.118,-0.116,0.979,7.0,1.026,1008.3,FOREST_FIRE
1351000,238.6,49.5,32.3,2801,684.0,0.076,0.105,0.966,-1.7,1.005,1005.1,FOREST_FIRE
1339000,211.2,42.4,12.9,2566,626.6,-0.134,0.106,1.05,-1.5,1.095,1001.7,FOREST_FIRE
156000,35.1,28.6,81.9,1153,281.5,-0.101,-0.078,1.126,-3.0,1.092,991.5,FLASH_FLOOD
1508000,146.7,31.7,60.1,826,201.7,-0.091,-0.005,0.991,5.4,1.02,1006.2,NORMAL
1831000,249.5,28.7,58.0,674,164.5,0.075,0.028,0.957,-4.1,0.976,1005.2,NORMAL
716000,78.8,29.7,56.2,1175,287.0,-0.139,0.002,1.649,-34.7,1.634,1006.4,LANDSLIDE
650000,262.7,24.2,85.6,535,130.7,0.127,0.08,2.088,-24.5,2.118,1018.9,LANDSLIDE
274000,18.2,21.5,89.7,236,57.5,0.036,0.12,1.027,-6.4,1.045,992.0,FLASH_FLOOD
1352000,257.6,46.5,41.1,2494,609.1,0.047,0.11,0.989,0.6,0.955,1010.9,FOREST_FIRE
602000,250.2,28.1,79.7,1214,296.4,0.134,-0.028,1.652,-31.8,1.67,1009.7,LANDSLIDE
824000,239.1,25.5,81.1,617,150.6,0.142,0.08,1.673,31.3,1.721,1018.0,LANDSLIDE
56000,41.5,25.5,73.5,750,183.2,-0.0,0.065,0.92,0.8,0.919,1006.6,FLASH_FLOOD
1456000,117.0,42.1,37.9,3987,973.5,0.077,0.147,1.046,-2.4,1.051,1003.1,FOREST_FIRE
1255000,209.0,53.6,22.9,3520,859.6,-0.136,-0.142,1.052,5.0,1.086,1008.2,FOREST_FIRE
548000,255.0,22.6,69.0,724,176.7,-0.013,0.06,1.673,-35.3,1.652,1012.8,LANDSLIDE
1678000,209.1,23.1,89.7,527,128.6,-0.088,-0.041,1.088,-0.8,1.088,1020.6,NORMAL
366000,16.1,23.8,83.2,496,121.2,-0.105,-0.068,0.916,6.3,0.964,992.4,FLASH_FLOOD
970000,166.5,22.2,60.6,818,199.7,-0.1,-0.098,1.554,27.7,1.582,1007.1,LANDSLIDE
1962000,207.4,27.7,58.7,920,224.8,0.038,0.055,1.0,5.1,0.97,1012.6,NORMAL
1857000,214.5,26.8,64.7,807,197.0,0.118,-0.118,1.113,-5.5,1.082,1018.2,NORMAL
1173000,107.6,54.4,27.6,4024,982.6,0.005,-0.034,0.876,3.3,0.92,1005.7,FOREST_FIRE
500000,16.4,29.4,91.4,832,203.2,0.064,0.006,0.994,0.5,1.019,1003.4,FLASH_FLOOD
30000,14.0,22.4,70.7,521,127.1,-0.007,0.105,1.008,5.1,1.05,994.9,FLASH_FLOOD
1295000,134.0,53.3,32.5,3589,876.4,-0.072,-0.118,1.084,-0.6,1.055,1001.4,FOREST_FIRE
99000,6.1,31.2,95.2,698,170.5,0.087,-0.109,1.078,-4.2,1.099,1003.0,FLASH_FLOOD
1926000,241.0,30.9,76.6,597,145.9,-0.054,-0.028,0.995,1.8,0.961,1018.1,NORMAL
136000,26.5,28.0,76.6,809,197.5,0.076,0.112,0.968,-1.3,1.01,994.9,FLASH_FLOOD
1787000,135.9,29.2,61.4,913,223.0,0.117,-0.045,1.086,-5.1,1.09,1014.5,NORMAL
255000,23.0,27.9,98.7,1150,280.9,-0.0,0.009,0.973,5.4,1.018,992.7,FLASH_FLOOD
129000,31.8,26.4,89.1,310,75.7,-0.026,0.065,0.977,1.9,1.017,991.0,FLASH_FLOOD
50000,42.0,29.5,88.8,916,223.8,0.13,-0.022,0.995,3.2,0.991,1003.2,FLASH_FLOOD
410000,30.9,21.1,84.4,943,230.3,0.061,0.107,0.951,7.2,0.927,996.1,FLASH_FLOOD
75000,24.0,29.3,85.4,220,53.6,0.001,0.134,0.96,3.9,1.005,992.2,FLASH_FLOOD
938000,174.5,28.9,64.6,763,186.4,0.099,-0.026,1.429,31.1,1.381,1008.7,LANDSLIDE
1984000,162.8,25.5,61.9,1228,300.0,0.008,-0.028,1.034,-2.1,1.035,1011.1,NORMAL
46000,5.6,26.4,78.2,271,66.1,0.016,0.059,0.908,-4.9,0.945,1009.5,FLASH_FLOOD
1417000,245.4,41.4,35.8,3831,935.5,0.097,-0.033,1.026,4.0,1.075,1012.9,FOREST_FIRE
1408000,174.4,54.7,17.1,2559,625.0,-0.118,-0.016,1.107,3.7,1.074,1009.0,FOREST_FIRE
248000,10.2,31.0,73.4,194,47.5,-0.136,-0.072,1.049,3.0,1.068,998.2,FLASH_FLOOD
1291000,158.2,39.4,18.9,3224,787.4,0.058,0.051,1.068,-4.6,1.076,996.4,FOREST_FIRE
162000,18.3,27.4,94.1,372,90.8,-0.05,0.095,0.997,-6.3,0.961,996.6,FLASH_FLOOD
1315000,157.3,38.6,18.5,3324,811.8,0.063,0.131,1.032,-7.9,1.026,999.7,FOREST_FIRE
839000,168.7,31.5,64.6,508,124.1,-0.138,0.029,1.468,-24.9,1.497,1014.6,LANDSLIDE
732000,177.3,31.4,65.3,556,135.8,0.084,0.002,2.207,-24.4,2.198,1015.1,LANDSLIDE
1730000,180.0,24.0,77.7,263,64.3,0.146,-0.107,1.01,-0.8,1.036,1021.1,NORMAL
1557000,162.8,29.6,72.7,611,149.3,-0.021,-0.102,1.119,-2.1,1.085,1019.3,NORMAL
1364000,119.5,44.1,19.4,2981,728.0,-0.116,0.062,0.989,4.2,0.956,1014.2,FOREST_FIRE
584000,248.0,23.5,64.9,1068,260.8,0.022,0.039,1.609,-33.6,1.637,1010.4,LANDSLIDE
649000,92.1,27.1,64.2,891,217.5,-0.037,0.021,1.548,-27.6,1.512,1017.6,LANDSLIDE
45000,9.8,26.4,92.9,452,110.4,-0.085,-0.005,0.947,-4.0,0.924,993.7,FLASH_FLOOD
1498000,124.0,54.8,24.1,2505,611.7,-0.063,-0.135,1.101,-5.0,1.053,1012.9,FOREST_FIRE
975000,275.6,24.3,67.8,673,164.4,-0.041,0.078,2.197,-35.8,2.238,1016.0,LANDSLIDE
1184000,226.1,44.1,27.6,3540,864.4,0.071,0.091,1.026,-4.1,1.019,1012.5,FOREST_FIRE
313000,35.6,30.9,94.2,567,138.4,-0.065,0.073,1.015,-3.8,0.984,1003.7,FLASH_FLOOD
1392000,115.2,49.4,38.4,3614,882.5,-0.123,0.002,0.97,-7.1,0.928,1005.8,FOREST_FIRE
208000,28.7,29.7,90.9,542,132.2,-0.142,0.06,1.114,5.4,1.069,1008.3,FLASH_FLOOD
1740000,137.9,24.6,57.4,453,110.7,-0.048,0.056,1.014,-7.0,0.981,1020.2,NORMAL
867000,218.4,26.1,74.3,603,147.2,0.145,0.091,2.11,42.4,2.134,1015.7,LANDSLIDE
472000,39.7,21.5,72.8,919,224.3,-0.096,-0.1,0.999,-0.2,0.999,1007.4,FLASH_FLOOD
371000,18.0,27.8,93.8,299,73.1,-0.03,-0.026,1.076,-6.4,1.064,1000.7,FLASH_FLOOD
1416000,192.4,48.3,10.7,3769,920.3,-0.043,-0.019,1.088,0.8,1.069,1008.6,FOREST_FIRE
427000,23.9,27.8,96.8,166,40.6,-0.002,0.056,1.066,-3.8,1.091,998.3,FLASH_FLOOD
1073000,99.3,47.8,26.0,3141,767.1,0.043,-0.098,0.983,-7.6,1.012,1012.8,FOREST_FIRE
1266000,172.5,48.1,21.3,2479,605.4,-0.084,-0.034,1.08,5.7,1.09,1008.2,FOREST_FIRE
1057000,245.8,40.2,21.0,3618,883.6,-0.083,-0.108,0.931,4.2,0.971,1002.9,FOREST_FIRE
477000,25.5,25.9,96.6,893,218.1,0.019,-0.023,1.059,-5.9,1.033,999.5,FLASH_FLOOD
1820000,206.2,25.2,69.3,286,69.8,0.121,0.138,1.024,2.8,0.994,1007.2,NORMAL
1771000,90.6,26.4,59.0,1165,284.5,0.008,0.145,0.979,5.7,1.006,1005.8,NORMAL
505000,221.2,26.9,59.3,1091,266.3,0.032,0.079,1.849,42.7,1.849,1014.6,LANDSLIDE
454000,31.3,22.1,95.6,333,81.4,-0.004,-0.144,0.988,-5.8,0.952,1009.3,FLASH_FLOOD
202000,15.0,25.5,94.1,197,48.1,-0.146,0.099,1.039,-1.5,0.99,992.8,FLASH_FLOOD
509000,94.1,25.2,75.6,1158,282.8,-0.12,-0.1,1.584,34.1,1.62,1005.4,LANDSLIDE
406000,20.5,21.6,91.6,1112,271.5,0.143,-0.089,1.048,-5.7,1.086,1002.6,FLASH_FLOOD
936000,77.3,23.6,56.9,367,89.6,-0.114,-0.107,1.658,-31.6,1.662,1006.3,LANDSLIDE
1245000,228.6,52.0,28.5,3121,762.3,0.066,-0.039,0.912,-4.1,0.916,1002.5,FOREST_FIRE
1990000,250.8,29.3,83.3,917,224.0,0.079,-0.033,0.972,4.8,0.928,1013.6,NORMAL
961000,249.6,23.5,77.4,583,142.2,-0.009,-0.004,2.341,29.0,2.315,1020.6,LANDSLIDE
358000,12.2,27.3,91.3,763,186.3,-0.15,-0.143,1.039,0.3,1.026,1009.6,FLASH_FLOOD
711000,213.3,27.8,77.0,381,92.9,0.137,0.068,1.711,-31.4,1.708,1011.1,LANDSLIDE
1240000,177.1,50.3,18.9,3532,862.4,-0.021,0.144,0.979,-2.2,0.961,1003.8,FOREST_FIRE
435000,38.8,31.3,98.5,1123,274.3,-0.102,0.0,0.993,-5.0,0.97,997.0,FLASH_FLOOD
1359000,239.1,35.9,14.7,3289,803.2,-0.004,-0.013,1.014,-3.4,0.979,999.8,FOREST_FIRE
1911000,212.1,28.4,57.4,911,222.4,0.061,-0.001,0.942,3.1,0.901,1008.1,NORMAL
1625000,108.7,30.1,83.5,572,139.8,0.02,0.085,0.911,-0.2,0.926,1008.7,NORMAL
820000,93.4,25.3,71.9,851,207.8,0.077,-0.095,1.958,37.6,2.007,1010.8,LANDSLIDE
474000,38.2,27.9,83.6,1177,287.3,0.028,-0.148,0.978,5.4,0.931,1009.1,FLASH_FLOOD
1211000,128.7,43.1,14.8,2535,619.0,-0.016,-0.017,1.004,4.8,1.026,1001.7,FOREST_FIRE
403000,16.1,22.3,93.9,738,180.3,0.141,-0.008,1.022,-4.5,1.054,1003.7,FLASH_FLOOD
461000,25.3,24.2,88.1,1097,268.0,0.071,-0.014,1.018,5.1,1.065,1006.3,FLASH_FLOOD
1310000,142.0,38.6,42.5,3957,966.2,0.041,-0.006,0.933,5.4,0.9,1005.0,FOREST_FIRE
745000,138.7,26.3,64.2,1221,298.2,0.002,-0.067,2.127,-23.8,2.114,1011.0,LANDSLIDE
908000,199.7,24.4,61.2,773,188.7,-0.103,0.038,2.301,38.6,2.264,1006.3,LANDSLIDE
887000,152.9,31.4,64.0,1155,282.0,0.116,-0.089,2.108,-35.1,2.149,1009.8,LANDSLIDE
126000,19.2,29.3,91.6,498,121.6,0.058,0.033,1.052,-5.2,1.082,1002.9,FLASH_FLOOD
295000,21.3,21.3,72.2,371,90.6,0.134,0.091,1.061,6.9,1.015,995.9,FLASH_FLOOD
1796000,249.8,29.4,63.0,540,131.8,-0.025,-0.002,0.979,0.8,0.986,1007.7,NORMAL
1977000,244.5,31.0,73.6,833,203.3,-0.086,0.071,0.967,-6.1,0.939,1007.8,NORMAL
1257000,196.7,39.0,31.8,3032,740.4,0.083,-0.097,1.104,7.9,1.082,998.1,FOREST_FIRE
1903000,97.9,29.9,77.5,1070,261.3,-0.043,0.002,1.033,3.8,1.059,1011.3,NORMAL
361000,34.7,30.0,79.0,736,179.6,-0.055,0.011,1.028,-2.6,1.057,1004.5,FLASH_FLOOD
582000,193.9,29.4,87.8,287,70.2,-0.093,-0.034,1.669,-35.3,1.676,1021.2,LANDSLIDE
108000,6.4,20.8,93.4,1178,287.7,-0.035,0.02,1.032,-5.7,1.022,997.3,FLASH_FLOOD
533000,114.1,30.5,63.6,351,85.8,-0.013,-0.039,1.693,-25.2,1.705,1019.1,LANDSLIDE
652000,203.5,29.7,57.2,1004,245.3,-0.125,-0.129,1.624,22.5,1.633,1008.6,LANDSLIDE
666000,257.9,22.8,60.0,1212,296.0,-0.122,-0.002,1.633,-24.8,1.647,1020.8,LANDSLIDE
1685000,96.6,22.3,64.6,964,235.3,-0.038,0.085,1.042,-3.7,1.021,1007.0,NORMAL
1379000,199.1,36.6,26.3,3797,927.3,-0.143,0.141,1.048,-6.5,1.085,1009.4,FOREST_FIRE
1031000,207.2,37.2,20.7,3709,905.7,0.091,0.026,0.913,1.1,0.9,1000.0,FOREST_FIRE
1707000,161.1,22.1,60.3,879,214.6,-0.087,0.036,1.014,-7.2,1.015,1015.9,NORMAL
299000,31.5,27.4,92.9,330,80.6,-0.137,-0.005,1.096,-6.3,1.084,1000.8,FLASH_FLOOD
1103000,172.9,47.6,14.2,3563,870.2,0.023,0.128,0.906,5.2,0.945,1005.2,FOREST_FIRE
639000,159.0,27.0,55.4,888,216.8,-0.103,0.142,2.097,43.1,2.095,1019.1,LANDSLIDE
1605000,176.5,22.4,67.9,387,94.4,-0.005,-0.135,1.004,7.5,0.962,1010.2,NORMAL
1582000,194.9,26.3,60.9,452,110.3,-0.08,-0.123,1.103,2.4,1.062,1005.8,NORMAL
1753000,169.8,31.5,82.8,1143,279.2,0.0,-0.108,0.886,7.2,0.923,1019.9,NORMAL
1560000,217.3,29.7,78.8,1057,258.0,-0.127,0.03,1.089,3.3,1.068,1015.2,NORMAL
1296000,247.4,53.4,15.4,3567,871.1,-0.048,0.112,0.965,-2.2,1.008,1007.6,FOREST_FIRE
1382000,175.0,43.8,33.0,4056,990.6,-0.117,-0.14,0.884,-0.7,0.905,1014.5,FOREST_FIRE
78000,8.8,25.1,90.0,407,99.4,-0.104,0.127,0.947,-2.6,0.991,997.5,FLASH_FLOOD
33000,30.5,29.2,85.6,956,233.4,-0.068,-0.127,0.93,-0.4,0.952,1002.5,FLASH_FLOOD
1478000,227.6,48.5,29.8,3336,814.6,-0.114,-0.104,1.022,4.3,1.002,998.2,FOREST_FIRE
1425000,259.1,44.7,20.7,2831,691.3,-0.094,-0.017,1.077,-0.3,1.045,995.3,FOREST_FIRE
88000,24.8,29.1,92.8,973,237.7,0.127,0.019,0.949,2.5,0.935,999.0,FLASH_FLOOD
1324000,165.5,40.4,26.6,3710,905.9,0.027,0.149,1.029,-5.8,1.072,1003.2,FOREST_FIRE
1739000,100.2,28.9,79.8,1098,268.2,0.042,0.068,0.958,-4.5,1.005,1013.7,NORMAL
825000,199.7,29.0,62.3,478,116.6,-0.018,-0.068,2.145,-29.5,2.187,1018.4,LANDSLIDE
484000,11.1,28.4,98.9,657,160.5,0.108,0.026,0.874,-0.4,0.904,999.4,FLASH_FLOOD
953000,99.2,22.4,61.4,891,217.6,0.072,0.134,1.463,-38.1,1.457,1012.6,LANDSLIDE
617000,163.6,25.7,77.8,573,139.9,-0.12,0.133,1.564,-24.8,1.553,1017.6,LANDSLIDE
335000,21.9,24.2,79.6,508,124.1,-0.143,-0.059,0.967,6.8,0.918,1001.9,FLASH_FLOOD
884000,99.8,31.0,78.1,516,126.0,-0.076,0.051,1.435,43.1,1.397,1008.9,LANDSLIDE
1640000,112.2,24.3,89.2,872,212.9,-0.121,0.049,0.987,-7.2,0.976,1016.1,NORMAL
1574000,236.5,23.5,86.2,441,107.6,-0.061,-0.107,1.053,4.3,1.018,1013.0,NORMAL
1681000,252.5,30.2,72.8,612,149.5,-0.016,0.092,0.946,-5.1,0.908,1016.9,NORMAL
1448000,128.9,52.1,19.6,2979,727.4,0.003,0.125,0.955,-4.3,0.98,1008.4,FOREST_FIRE
1279000,243.2,36.5,41.4,3459,844.8,0.128,0.027,0.987,3.9,0.961,1002.9,FOREST_FIRE
1652000,163.0,27.5,72.5,876,213.9,0.012,-0.061,1.054,-7.6,1.057,1011.7,NORMAL
1268000,152.6,53.4,22.0,3158,771.3,0.13,-0.123,0.936,3.5,0.914,995.3,FOREST_FIRE
1343000,225.0,43.7,21.1,2560,625.0,-0.016,-0.058,0.885,-0.4,0.902,998.6,FOREST_FIRE
1169000,223.5,36.0,37.6,2886,704.9,0.087,-0.057,0.979,0.9,0.987,995.3,FOREST_FIRE
855000,168.0,23.5,85.8,930,227.2,0.025,0.113,1.488,41.3,1.468,1005.7,LANDSLIDE
1513000,150.2,30.1,74.5,165,40.4,0.092,-0.054,1.082,-2.5,1.048,1017.4,NORMAL
1828000,112.5,24.4,74.2,347,84.9,-0.077,-0.037,1.01,-7.2,1.05,1006.7,NORMAL
1104000,98.0,35.8,39.3,2801,684.1,-0.052,-0.014,0.999,3.3,1.016,1001.2,FOREST_FIRE
324000,15.2,24.4,88.2,1054,257.4,0.129,-0.087,1.004,2.5,1.005,991.4,FLASH_FLOOD
1548000,118.1,27.9,61.5,668,163.1,0.066,0.11,1.102,-4.2,1.087,1007.7,NORMAL
628000,102.4,27.4,83.6,254,62.1,-0.133,0.058,1.711,40.8,1.698,1020.2,LANDSLIDE
1850000,159.1,31.6,79.7,423,103.2,0.029,0.144,0.927,7.9,0.94,1006.6,NORMAL
559000,199.4,22.7,55.6,642,156.7,0.119,-0.057,1.618,-38.2,1.594,1013.6,LANDSLIDE
1081000,174.2,44.0,14.9,3117,761.3,0.051,0.029,0.917,-3.5,0.932,1012.3,FOREST_FIRE
1775000,90.6,24.6,71.0,534,130.3,0.149,-0.139,0.9,3.5,0.915,1019.1,NORMAL
1837000,231.0,23.3,69.1,1147,280.2,-0.041,-0.088,0.904,-1.0,0.944,1005.4,NORMAL
1672000,254.9,29.7,76.3,671,163.9,-0.021,0.032,0.972,0.2,0.998,1010.0,NORMAL
1162000,114.6,38.9,20.1,2503,611.3,-0.029,-0.131,0.989,-6.4,0.964,1006.3,FOREST_FIRE
545000,111.8,23.1,74.9,1116,272.6,0.123,-0.034,1.349,22.7,1.378,1014.4,LANDSLIDE
1069000,207.5,46.6,12.3,2931,715.7,0.13,0.064,0.997,5.2,1.001,1006.5,FOREST_FIRE
1329000,122.3,45.8,18.3,3432,838.0,0.1,0.073,0.957,-7.3,0.996,1004.5,FOREST_FIRE
1616000,202.9,31.0,57.7,594,145.2,0.117,-0.12,1.058,0.8,1.029,1021.0,NORMAL
27000,33.8,28.9,90.1,918,224.3,-0.129,0.049,1.068,-8.0,1.085,997.3,FLASH_FLOOD
863000,271.5,28.2,77.4,379,92.6,-0.053,-0.117,2.151,32.1,2.143,1010.7,LANDSLIDE
1979000,173.2,31.8,78.4,1026,250.4,0.017,0.064,0.956,5.1,0.949,1009.9,NORMAL
1007000,163.1,45.9,24.6,3279,800.7,0.088,0.042,0.935,4.8,0.955,1014.1,FOREST_FIRE
1528000,141.2,25.8,80.9,302,73.7,-0.085,-0.034,1.001,-0.2,1.011,1012.6,NORMAL
1175000,226.3,38.3,38.4,2582,630.5,0.126,-0.134,0.985,7.9,0.982,1009.6,FOREST_FIRE
1479000,221.3,45.7,38.8,2961,723.2,-0.028,-0.062,1.001,-6.6,1.048,1000.2,FOREST_FIRE
812000,131.4,24.9,88.1,839,204.8,-0.035,0.041,1.457,-39.1,1.504,1010.0,LANDSLIDE
374000,10.9,21.8,85.9,1108,270.7,0.023,-0.091,1.045,6.5,1.027,997.8,FLASH_FLOOD
378000,36.6,27.3,82.8,254,62.0,0.003,0.016,0.978,2.3,0.983,993.6,FLASH_FLOOD
1303000,236.2,47.2,40.6,2767,675.8,-0.001,0.037,1.042,-2.0,1.001,1008.6,FOREST_FIRE
233000,20.5,20.4,91.2,862,210.4,-0.093,0.068,0.924,8.0,0.952,1001.4,FLASH_FLOOD
223000,10.9,27.1,92.8,827,202.0,0.127,0.019,0.944,0.4,0.984,1008.8,FLASH_FLOOD
1544000,91.2,26.6,74.1,895,218.5,0.074,-0.007,0.935,-7.2,0.937,1009.1,NORMAL
1246000,185.8,52.9,37.9,2896,707.3,0.12,0.041,1.035,-2.7,0.991,1010.4,FOREST_FIRE
304000,32.6,20.7,94.4,483,118.0,0.039,-0.015,0.997,1.0,1.014,999.5,FLASH_FLOOD
1908000,166.1,27.0,81.2,1153,281.6,-0.009,-0.022,0.875,-1.6,0.915,1017.4,NORMAL
206000,41.5,26.0,81.7,996,243.3,-0.054,-0.084,1.048,-2.3,1.009,993.6,FLASH_FLOOD
121000,20.8,29.5,80.2,1217,297.2,0.076,-0.09,0.925,2.9,0.924,1008.8,FLASH_FLOOD
1632000,106.1,27.0,70.2,371,90.5,-0.132,0.067,1.064,3.2,1.061,1013.5,NORMAL
174000,43.6,26.1,84.8,546,133.4,-0.025,0.102,0.926,-7.8,0.927,1003.7,FLASH_FLOOD
1930000,112.5,29.0,73.4,871,212.7,-0.108,0.097,1.091,-5.9,1.048,1011.9,NORMAL
1864000,125.1,27.1,57.3,1189,290.4,-0.007,-0.109,1.085,-0.5,1.087,1012.7,NORMAL
845000,275.7,23.3,69.8,781,190.6,-0.146,0.04,2.217,-30.9,2.184,1020.4,LANDSLIDE
453000,21.2,21.4,75.8,1041,254.2,0.098,-0.011,0.957,2.3,0.951,994.9,FLASH_FLOOD
1501000,113.0,29.9,87.9,1131,276.2,-0.133,-0.095,1.078,-2.7,1.094,1016.0,NORMAL
1316000,227.8,44.0,28.7,3165,772.9,0.077,0.13,1.089,4.5,1.053,1011.5,FOREST_FIRE
536000,167.5,26.9,80.5,1006,245.7,-0.053,-0.038,1.893,42.3,1.874,1011.6,LANDSLIDE
750000,232.5,26.2,70.7,616,150.5,-0.005,0.091,2.089,30.0,2.09,1016.2,LANDSLIDE
258000,31.9,31.8,89.5,378,92.2,0.001,0.058,0.94,2.0,0.958,1009.2,FLASH_FLOOD
1898000,156.0,28.8,86.2,1168,285.2,0.034,0.123,1.004,-0.9,0.963,1005.7,NORMAL
1777000,257.9,23.4,74.5,959,234.2,0.15,0.07,0.97,-5.8,0.984,1009.0,NORMAL
1353000,231.7,52.2,42.4,3416,834.1,0.087,-0.123,1.007,1.2,0.974,999.4,FOREST_FIRE
1587000,151.3,26.3,80.8,748,182.6,-0.024,-0.006,1.094,3.5,1.051,1007.8,NORMAL
590000,207.2,23.7,81.1,1219,297.7,-0.04,-0.114,1.597,40.8,1.639,1012.9,LANDSLIDE
262000,41.5,28.5,89.4,825,201.3,0.014,0.031,1.102,4.5,1.074,1005.1,FLASH_FLOOD
1362000,113.0,43.4,42.7,3291,803.6,0.04,0.053,0.924,-7.9,0.929,997.0,FOREST_FIRE
979000,197.9,29.7,73.0,701,171.2,-0.04,0.085,1.6,-25.6,1.604,1005.8,LANDSLIDE
468000,43.7,27.2,92.4,414,101.1,-0.074,0.036,1.08,6.5,1.099,990.9,FLASH_FLOOD
1766000,142.8,23.5,73.1,737,180.1,0.147,-0.001,1.041,-3.8,1.078,1020.3,NORMAL
726000,213.3,26.2,80.2,441,107.6,-0.068,0.15,1.672,-27.5,1.645,1021.9,LANDSLIDE
859000,235.5,22.9,88.8,781,190.8,0.106,0.022,1.717,-38.5,1.715,1018.9,LANDSLIDE
135000,33.1,23.7,73.5,490,119.8,-0.061,0.034,0.972,-1.5,1.001,1008.3,FLASH_FLOOD
1845000,216.3,31.1,56.7,894,218.3,-0.112,-0.103,0.914,1.3,0.916,1012.7,NORMAL
588000,276.4,23.4,62.6,947,231.2,0.054,-0.1,1.701,-37.6,1.745,1014.8,LANDSLIDE
1420000,171.0,40.8,35.0,2858,698.0,0.131,0.109,0.983,4.9,1.01,1008.4,FOREST_FIRE
103000,34.4,24.0,71.3,531,129.6,0.094,-0.097,1.054,3.7,1.026,1000.9,FLASH_FLOOD
63000,29.8,22.9,97.4,1008,246.1,-0.012,-0.074,0.891,-5.3,0.916,992.9,FLASH_FLOOD
104000,16.7,20.5,76.0,1028,251.0,0.13,0.005,1.104,-7.0,1.055,990.8,FLASH_FLOOD
858000,92.6,26.3,64.3,1044,254.8,0.101,0.043,1.354,36.0,1.394,1014.6,LANDSLIDE
1858000,215.8,22.7,76.0,507,123.9,0.144,0.135,0.889,6.1,0.913,1017.6,NORMAL
601000,222.3,30.5,71.7,174,42.5,0.142,0.062,1.38,30.7,1.406,1007.1,LANDSLIDE
257000,10.3,25.0,91.0,455,111.1,-0.06,0.06,1.13,7.4,1.094,1005.0,FLASH_FLOOD
608000,172.4,25.5,80.3,173,42.3,-0.103,0.047,1.453,42.7,1.48,1014.0,LANDSLIDE
39000,9.6,29.8,98.9,980,239.4,-0.142,-0.056,1.039,-5.3,1.021,992.2,FLASH_FLOOD
1094000,176.3,49.7,27.9,3488,851.8,-0.065,-0.014,1.081,-5.9,1.076,1007.9,FOREST_FIRE
554000,149.3,22.5,77.2,869,212.3,-0.089,-0.075,1.442,-32.2,1.401,1016.7,LANDSLIDE
1988000,255.5,24.0,81.9,875,213.6,-0.082,-0.041,1.096,2.6,1.083,1016.5,NORMAL
1825000,174.0,30.1,63.5,816,199.4,-0.046,-0.133,1.058,6.2,1.049,1010.3,NORMAL
1286000,104.4,40.9,16.4,3815,931.5,0.051,-0.109,1.01,0.7,0.974,998.2,FOREST_FIRE
321000,34.3,23.3,94.9,906,221.2,0.016,-0.129,0.903,-5.0,0.937,1008.3,FLASH_FLOOD
1986000,192.6,22.7,61.6,1134,276.8,0.034,-0.02,1.034,-3.0,0.998,1010.3,NORMAL
1062000,99.9,50.4,20.0,3340,815.7,-0.031,-0.007,0.958,-6.9,0.925,999.5,FOREST_FIRE
1579000,232.9,27.8,72.0,522,127.5,-0.033,-0.069,0.905,-5.6,0.954,1008.6,NORMAL
630000,199.3,28.8,79.0,1124,274.4,-0.114,0.127,1.767,44.0,1.725,1008.8,LANDSLIDE
1363000,190.6,35.9,27.3,2883,704.1,0.125,0.108,1.028,6.8,1.015,1010.1,FOREST_FIRE
1633000,125.0,31.7,58.0,254,61.9,-0.006,-0.026,0.926,-6.5,0.913,1008.9,NORMAL
226000,13.5,29.9,92.2,451,110.0,0.11,0.096,1.031,-1.3,1.029,1005.2,FLASH_FLOOD
1599000,173.0,30.1,77.7,1138,278.0,-0.139,-0.114,1.048,-1.8,1.052,1021.4,NORMAL
1419000,235.4,49.8,31.0,3783,923.8,-0.055,-0.081,0.867,-4.5,0.902,1011.3,FOREST_FIRE
1580000,124.8,25.2,56.5,966,235.9,0.003,0.145,1.046,-2.0,1.038,1010.1,NORMAL
1689000,146.0,31.1,79.9,485,118.3,0.079,0.078,1.034,1.8,1.074,1007.1,NORMAL
1015000,232.4,46.9,29.6,2648,646.6,-0.002,0.149,0.94,5.8,0.917,997.7,FOREST_FIRE
1063000,159.2,45.1,12.6,3196,780.5,-0.025,-0.122,1.132,3.6,1.088,1001.7,FOREST_FIRE
948000,250.8,28.2,87.2,796,194.3,-0.035,0.012,2.045,30.1,2.086,1013.5,LANDSLIDE
1826000,157.4,27.0,70.8,417,101.8,0.066,-0.088,0.945,4.5,0.954,1015.3,NORMAL
702000,95.6,22.7,60.4,717,175.2,-0.029,0.145,1.44,33.6,1.408,1005.4,LANDSLIDE
1729000,212.9,31.1,89.0,657,160.5,-0.063,0.047,0.971,6.0,0.975,1019.7,NORMAL
627000,195.9,25.8,55.7,977,238.5,0.088,-0.147,2.365,-23.9,2.336,1009.2,LANDSLIDE
392000,15.0,25.4,96.9,925,226.0,0.042,0.13,0.931,-6.3,0.915,993.0,FLASH_FLOOD
609000,226.9,26.0,65.5,358,87.4,-0.148,0.115,1.518,-41.3,1.497,1012.5,LANDSLIDE
1623000,105.9,25.6,80.9,1084,264.7,-0.067,-0.029,0.943,1.8,0.965,1015.8,NORMAL
1894000,237.6,30.6,60.2,918,224.1,-0.135,-0.085,0.988,-0.6,1.005,1017.9,NORMAL
1843000,198.9,26.9,76.1,591,144.4,0.023,-0.096,1.114,-4.4,1.069,1018.0,NORMAL
1647000,176.9,29.9,85.5,823,201.1,0.085,-0.039,0.935,-1.3,0.96,1009.5,NORMAL
890000,162.5,24.0,77.5,327,79.8,0.103,0.03,1.355,26.5,1.377,1008.1,LANDSLIDE
483000,43.8,30.3,76.3,297,72.5,0.045,-0.019,0.935,-7.8,0.922,1003.0,FLASH_FLOOD
1803000,112.6,23.1,56.3,906,221.3,-0.095,0.019,1.08,-7.9,1.098,1005.4,NORMAL
963000,140.3,31.3,85.6,406,99.2,0.053,-0.066,1.561,26.4,1.551,1009.1,LANDSLIDE
1178000,147.6,53.9,15.4,3625,885.2,0.081,0.034,1.1,-4.9,1.076,1003.9,FOREST_FIRE
1409000,98.4,53.4,26.6,2648,646.7,0.057,0.074,1.097,-3.6,1.088,997.1,FOREST_FIRE
365000,42.3,28.2,87.8,653,159.4,-0.01,-0.136,1.007,3.4,1.004,991.7,FLASH_FLOOD
144000,22.1,25.9,99.2,1174,286.6,0.051,0.086,1.064,6.1,1.082,1008.8,FLASH_FLOOD
487000,14.3,22.6,97.3,186,45.4,0.031,0.103,0.954,-3.4,0.938,996.8,FLASH_FLOOD
1118000,247.4,41.5,16.0,3402,830.7,0.034,0.072,1.129,7.5,1.091,1006.3,FOREST_FIRE
1060000,241.6,35.6,13.7,3732,911.5,-0.112,0.029,1.107,-5.0,1.064,997.2,FOREST_FIRE
1728000,139.8,23.9,82.6,689,168.3,0.06,0.069,1.022,0.8,1.071,1020.9,NORMAL
709000,148.6,23.7,86.2,611,149.2,0.039,-0.141,1.781,-41.5,1.814,1006.9,LANDSLIDE
1532000,191.6,25.7,71.4,410,100.1,-0.032,-0.135,1.052,-6.2,1.03,1008.2,NORMAL
790000,81.4,30.0,55.4,776,189.4,-0.023,0.073,1.755,44.1,1.794,1013.3,LANDSLIDE
325000,19.8,28.5,94.7,228,55.8,-0.138,-0.129,1.068,0.9,1.088,995.3,FLASH_FLOOD
844000,179.2,29.4,80.1,819,199.9,0.023,0.115,2.078,28.9,2.052,1017.4,LANDSLIDE
1811000,217.0,29.2,81.7,974,237.9,-0.141,-0.073,0.882,-3.9,0.92,1017.8,NORMAL
1277000,208.3,49.4,16.3,3030,739.9,-0.102,-0.026,1.01,-4.7,1.039,998.2,FOREST_FIRE
958000,121.9,28.3,73.9,319,78.0,0.076,0.102,1.931,-23.6,1.944,1019.6,LANDSLIDE
1150000,250.4,46.4,30.8,3907,954.0,-0.015,-0.106,0.998,-4.2,1.037,1010.6,FOREST_FIRE
1937000,161.1,30.3,64.2,546,133.2,0.091,0.058,1.006,-3.2,0.995,1012.7,NORMAL
376000,39.6,22.8,91.1,913,222.9,-0.055,-0.035,0.96,5.1,0.972,997.9,FLASH_FLOOD
1410000,160.5,53.5,36.6,3997,976.0,0.035,0.075,0.981,-6.3,1.026,1008.7,FOREST_FIRE
227000,12.7,30.0,95.1,308,75.3,-0.013,0.125,1.096,5.6,1.076,995.0,FLASH_FLOOD
1955000,98.5,29.2,87.0,1181,288.4,0.101,-0.031,0.97,-2.4,1.001,1008.1,NORMAL
942000,183.2,26.9,74.0,623,152.2,0.054,0.117,1.808,30.2,1.823,1010.7,LANDSLIDE
685000,116.1,26.2,65.3,796,194.5,-0.134,-0.139,2.334,-37.7,2.357,1012.4,LANDSLIDE
1360000,220.2,45.4,23.2,2875,702.0,0.061,-0.026,1.036,-7.9,1.083,996.4,FOREST_FIRE
1396000,99.4,45.4,26.0,2506,611.8,0.074,-0.097,0.965,-7.6,0.917,1009.5,FOREST_FIRE
338000,16.4,29.5,88.5,785,191.6,0.046,-0.147,0.898,2.6,0.909,991.1,FLASH_FLOOD
1232000,253.4,38.4,36.4,2723,665.0,0.015,0.035,0.923,-7.1,0.919,996.1,FOREST_FIRE
579000,278.6,30.7,60.9,287,70.1,-0.141,0.129,1.443,-39.3,1.461,1008.6,LANDSLIDE
1968000,219.2,23.8,81.6,715,174.5,-0.018,-0.02,1.021,2.3,1.033,1013.1,NORMAL
909000,220.8,26.6,85.6,276,67.5,-0.123,-0.02,1.563,-39.2,1.545,1008.4,LANDSLIDE
1238000,110.3,51.4,12.3,3091,754.8,0.02,0.09,1.039,-3.8,1.068,998.2,FOREST_FIRE
433000,39.3,21.7,76.8,920,224.6,-0.111,-0.126,1.082,-7.5,1.063,992.5,FLASH_FLOOD
1974000,148.2,26.0,58.6,854,208.5,0.01,0.113,0.985,3.7,0.998,1006.6,NORMAL
159000,17.7,21.3,70.2,328,80.1,-0.042,-0.069,0.99,3.4,1.027,996.2,FLASH_FLOOD
256000,34.2,21.5,81.6,705,172.2,0.115,0.001,0.924,6.7,0.935,1002.0,FLASH_FLOOD
661000,260.9,25.7,62.8,1100,268.7,-0.14,-0.142,1.383,-31.5,1.354,1018.5,LANDSLIDE
762000,132.3,23.7,70.3,205,50.2,-0.019,-0.062,1.812,33.2,1.769,1018.7,LANDSLIDE
1097000,231.8,50.8,28.6,3573,872.6,0.043,0.055,1.028,1.2,0.999,995.0,FOREST_FIRE
1885000,147.2,31.3,70.7,675,164.9,0.046,-0.127,1.009,-2.3,0.986,1010.5,NORMAL
212000,34.2,31.4,98.5,350,85.6,0.148,0.14,0.991,-3.1,1.038,997.8,FLASH_FLOOD
1216000,108.9,54.3,32.9,3581,874.6,0.04,0.035,0.89,3.5,0.937,1000.2,FOREST_FIRE
331000,28.8,23.6,91.9,1043,254.7,-0.126,-0.133,1.042,3.0,1.015,1001.5,FLASH_FLOOD
1507000,199.2,27.0,72.4,242,59.1,-0.124,0.023,0.986,7.8,0.97,1008.8,NORMAL
1491000,154.0,42.5,14.7,3710,905.9,-0.137,-0.044,1.103,-8.0,1.084,1008.8,FOREST_FIRE
1200000,239.9,37.6,38.8,3025,738.6,-0.004,0.101,1.028,-3.8,1.046,1000.9,FOREST_FIRE
977000,257.9,24.3,58.2,861,210.2,-0.079,0.092,2.309,26.0,2.339,1021.0,LANDSLIDE
405000,18.0,29.3,79.8,795,194.1,0.071,0.111,0.927,-2.8,0.94,992.0,FLASH_FLOOD
1179000,195.5,50.3,18.5,2938,717.4,0.073,-0.003,0.941,-6.6,0.988,1007.8,FOREST_FIRE
551000,226.7,29.7,66.4,433,105.7,0.107,-0.031,1.701,38.0,1.75,1006.2,LANDSLIDE
1381000,218.8,44.6,25.0,3896,951.5,0.052,-0.112,1.004,1.7,1.007,1014.6,FOREST_FIRE
922000,82.4,31.0,88.2,235,57.4,-0.076,0.04,2.223,38.4,2.24,1018.1,LANDSLIDE
1867000,182.5,31.0,58.3,855,208.7,0.142,0.112,0.931,-3.0,0.954,1010.0,NORMAL
306000,10.8,22.0,94.2,1111,271.3,0.039,0.021,0.992,-1.9,0.957,996.7,FLASH_FLOOD
1526000,216.8,29.5,65.1,1040,253.9,-0.024,0.088,1.076,1.2,1.046,1014.8,NORMAL
1330000,130.2,35.9,17.4,3570,871.9,0.078,-0.029,1.067,7.4,1.058,1009.4,FOREST_FIRE
259000,38.7,23.4,95.4,771,188.4,0.007,-0.142,0.948,2.7,0.983,1006.2,FLASH_FLOOD
723000,251.2,22.2,84.3,790,192.9,-0.035,-0.137,1.841,41.7,1.87,1006.0,LANDSLIDE
1126000,117.7,35.5,15.2,3402,830.9,0.069,0.026,1.065,3.6,1.08,1010.6,FOREST_FIRE
317000,32.3,23.7,79.7,985,240.5,-0.137,0.131,1.099,0.3,1.096,1002.6,FLASH_FLOOD
1152000,166.7,46.4,25.4,3287,802.7,-0.147,-0.098,1.034,-2.3,1.003,1003.8,FOREST_FIRE
245000,6.6,23.5,94.0,479,117.0,0.072,-0.122,0.946,-0.6,0.92,996.3,FLASH_FLOOD
95000,18.5,29.2,73.9,985,240.4,-0.101,0.099,1.104,5.4,1.077,997.5,FLASH_FLOOD
1618000,190.6,22.3,89.9,929,226.9,0.149,0.141,1.008,-6.0,0.981,1016.3,NORMAL
1816000,99.7,28.6,77.8,557,136.0,0.108,-0.107,0.948,5.1,0.98,1011.2,NORMAL
1781000,123.1,22.1,79.5,849,207.3,-0.099,0.015,0.993,-6.6,0.979,1018.9,NORMAL
718000,262.8,29.0,70.0,310,75.8,-0.079,-0.122,1.661,-30.5,1.71,1021.7,LANDSLIDE
265000,13.5,24.0,80.8,607,148.1,0.076,0.009,0.968,0.6,0.918,994.4,FLASH_FLOOD
1265000,243.0,51.0,12.3,3518,859.1,-0.069,0.055,1.057,6.4,1.058,1005.6,FOREST_FIRE
1457000,219.3,50.9,18.6,2905,709.4,0.022,0.028,0.947,2.3,0.918,1000.7,FOREST_FIRE
1470000,182.2,40.1,24.5,3223,786.9,-0.034,-0.08,1.077,2.4,1.071,1008.6,FOREST_FIRE
990000,138.6,28.2,89.3,1181,288.5,-0.103,0.055,2.035,40.7,2.013,1020.1,LANDSLIDE
1959000,164.6,30.5,85.5,421,102.9,0.074,-0.119,0.99,4.7,1.005,1011.8,NORMAL
1017000,147.8,41.2,20.5,2494,609.1,-0.052,0.064,1.043,-6.8,1.006,1014.6,FOREST_FIRE
886000,259.5,26.9,76.0,585,142.8,-0.003,-0.095,1.454,-27.1,1.471,1016.3,LANDSLIDE
1778000,158.9,22.3,80.5,681,166.3,-0.006,0.111,1.036,-0.3,1.073,1013.7,NORMAL
1489000,199.1,35.1,16.3,3662,894.3,0.049,0.047,1.044,0.4,1.064,1000.9,FOREST_FIRE
91000,11.9,23.0,83.1,1121,273.8,0.007,-0.102,1.03,-2.5,1.043,998.8,FLASH_FLOOD
1469000,134.5,49.7,20.3,3203,782.2,0.007,-0.067,1.065,-3.1,1.069,1014.1,FOREST_FIRE
196000,27.6,23.6,88.7,512,125.1,0.028,-0.002,0.929,0.8,0.902,999.3,FLASH_FLOOD
15000,11.7,25.8,76.4,1054,257.4,-0.132,-0.036,1.134,7.5,1.085,998.0,FLASH_FLOOD
943000,153.2,31.2,89.4,528,128.8,0.097,0.114,2.265,-35.2,2.216,1019.5,LANDSLIDE
1299000,245.8,44.7,34.3,3764,919.2,0.029,-0.044,1.08,-6.8,1.071,1013.7,FOREST_FIRE
1272000,180.9,53.7,42.9,3579,874.0,0.059,-0.057,0.932,0.7,0.97,1013.0,FOREST_FIRE
1798000,221.4,28.1,63.5,856,209.1,0.099,-0.074,0.996,4.3,1.022,1008.7,NORMAL
1786000,103.6,22.9,73.7,285,69.7,0.112,-0.042,0.959,7.6,1.005,1005.7,NORMAL
701000,266.7,29.0,73.1,1194,291.5,0.092,0.037,2.075,25.6,2.105,1015.9,LANDSLIDE
1611000,203.8,23.6,86.9,869,212.3,0.082,-0.087,0.956,-4.3,1.002,1021.3,NORMAL
549000,90.1,25.0,76.5,350,85.5,0.06,-0.137,2.122,-32.5,2.083,1017.5,LANDSLIDE
155000,13.5,30.4,96.6,1077,263.1,-0.136,-0.128,1.048,-6.5,1.006,999.5,FLASH_FLOOD
995000,70.4,30.5,58.5,949,231.7,-0.097,-0.11,2.44,-43.5,2.391,1020.2,LANDSLIDE
1440000,141.6,46.7,10.8,3641,889.1,0.014,-0.06,0.903,1.4,0.953,1005.1,FOREST_FIRE
276000,12.0,27.3,95.3,657,160.3,-0.108,0.012,0.937,-2.3,0.961,1007.2,FLASH_FLOOD
1941000,247.7,26.2,59.5,1062,259.3,0.068,-0.092,0.906,-7.6,0.918,1006.7,NORMAL
315000,17.5,29.6,99.9,412,100.5,0.087,-0.051,1.033,-5.6,0.999,999.3,FLASH_FLOOD
1674000,149.2,24.5,60.3,1098,268.0,-0.085,-0.135,0.957,-6.8,0.947,1020.6,NORMAL
913000,211.6,22.6,67.0,824,201.2,-0.054,0.081,2.417,-38.5,2.376,1018.0,LANDSLIDE
688000,192.5,22.1,71.6,353,86.2,-0.004,-0.076,2.329,41.6,2.368,1016.5,LANDSLIDE
532000,129.7,22.1,67.5,315,77.0,-0.084,-0.071,1.527,-30.3,1.559,1020.5,LANDSLIDE
181000,13.5,23.2,94.9,231,56.5,0.023,0.02,0.942,0.6,0.944,996.8,FLASH_FLOOD
101000,28.9,20.2,85.5,1009,246.4,-0.107,-0.021,0.934,-0.7,0.922,994.8,FLASH_FLOOD
873000,89.8,23.6,61.8,988,241.2,-0.029,0.06,1.717,-43.4,1.698,1005.5,LANDSLIDE
1626000,194.1,31.0,68.3,520,127.1,0.056,-0.037,0.97,1.3,0.932,1008.1,NORMAL
1320000,250.0,48.0,24.8,3488,851.7,0.025,-0.148,1.036,7.2,0.996,1002.4,FOREST_FIRE
1096000,222.6,44.9,28.6,3087,753.8,0.037,0.125,1.026,-7.0,1.026,998.0,FOREST_FIRE
815000,146.3,29.9,77.7,653,159.4,-0.14,0.038,2.174,-41.5,2.128,1019.3,LANDSLIDE
443000,18.7,30.3,86.4,379,92.5,-0.141,-0.021,1.04,2.6,0.998,1009.1,FLASH_FLOOD
1765000,116.5,28.8,63.4,1097,267.9,-0.108,0.047,1.091,-6.5,1.099,1013.4,NORMAL
488000,36.8,29.6,95.3,1186,289.5,-0.065,0.075,1.051,5.3,1.035,1002.4,FLASH_FLOOD
291000,32.9,28.5,74.8,392,95.8,-0.148,-0.123,0.932,-1.6,0.968,1009.3,FLASH_FLOOD
1011000,110.6,48.4,19.7,2593,633.3,-0.044,-0.034,0.962,4.5,0.993,1010.8,FOREST_FIRE
1877000,96.3,31.0,63.9,627,153.0,-0.075,0.019,1.051,4.9,1.062,1008.0,NORMAL
763000,122.8,28.8,73.3,559,136.6,-0.011,0.131,1.938,26.7,1.895,1013.9,LANDSLIDE
1783000,115.9,28.2,71.8,507,123.9,0.015,-0.094,1.005,1.7,0.999,1010.0,NORMAL
28000,16.8,21.5,82.6,484,118.1,0.053,0.121,0.993,-3.1,0.982,1008.8,FLASH_FLOOD
1755000,122.9,29.2,64.8,883,215.5,-0.045,0.048,1.113,-0.2,1.078,1021.4,NORMAL
387000,31.2,24.7,93.2,1078,263.2,0.07,0.027,0.923,-2.6,0.953,1005.0,FLASH_FLOOD
1697000,183.8,22.7,75.6,313,76.4,-0.006,-0.03,0.915,-4.5,0.904,1009.8,NORMAL
599000,253.9,30.7,62.9,565,138.1,0.027,0.092,1.862,-43.3,1.903,1006.8,LANDSLIDE
1648000,117.1,30.5,79.4,1099,268.3,-0.032,0.066,1.106,4.4,1.09,1020.7,NORMAL
1095000,245.2,52.9,24.1,3097,756.2,0.081,0.047,0.924,-0.9,0.971,998.9,FOREST_FIRE
986000,193.0,24.2,73.2,593,144.9,0.115,0.078,2.185,-28.6,2.191,1015.6,LANDSLIDE
1365000,241.8,35.4,43.9,3777,922.4,0.146,0.087,1.016,-0.1,0.991,1014.2,FOREST_FIRE
1570000,110.3,23.5,68.8,1058,258.2,-0.035,-0.11,1.036,-7.1,1.076,1012.1,NORMAL
1945000,240.1,27.6,75.6,1183,288.9,0.019,0.069,0.906,-1.5,0.943,1006.0,NORMAL
1661000,108.3,22.3,88.5,536,131.0,0.066,0.02,0.883,4.4,0.906,1011.8,NORMAL
350000,21.5,25.4,75.4,993,242.5,0.064,-0.089,1.035,7.0,1.039,1001.8,FLASH_FLOOD
1372000,126.4,38.8,23.4,3164,772.6,-0.085,-0.008,1.031,-6.3,1.066,1008.8,FOREST_FIRE
518000,218.9,29.7,79.4,656,160.3,-0.093,0.095,2.077,22.5,2.065,1008.8,LANDSLIDE
917000,268.9,24.7,61.9,332,81.2,-0.102,0.141,1.76,26.4,1.804,1009.7,LANDSLIDE
1170000,147.8,41.4,17.7,3737,912.5,-0.141,-0.111,1.092,1.1,1.057,1011.1,FOREST_FIRE
831000,168.4,25.3,57.3,262,64.0,0.045,-0.093,1.91,-33.8,1.953,1007.7,LANDSLIDE
351000,23.0,24.4,85.7,1012,247.1,0.087,0.003,0.97,3.5,0.925,997.7,FLASH_FLOOD
729000,108.7,29.7,64.7,299,73.1,0.002,-0.018,2.019,-23.1,2.037,1015.5,LANDSLIDE
201000,6.6,30.0,79.8,332,81.0,-0.076,-0.043,1.067,3.0,1.065,991.8,FLASH_FLOOD
37000,18.1,29.1,81.4,655,160.0,0.1,-0.074,0.934,-7.2,0.976,1005.0,FLASH_FLOOD
1608000,255.5,30.8,63.1,1020,249.1,-0.071,0.143,0.979,2.0,0.971,1013.7,NORMAL
655000,211.5,31.4,81.0,501,122.3,-0.071,0.067,2.23,-41.9,2.182,1007.5,LANDSLIDE
956000,152.0,24.6,57.3,361,88.2,-0.038,0.003,2.085,-25.4,2.134,1008.9,LANDSLIDE
1434000,162.2,35.6,16.3,3134,765.3,0.021,0.015,1.031,-4.7,1.071,1014.2,FOREST_FIRE
851000,168.3,27.4,88.4,379,92.6,-0.109,0.131,2.238,31.0,2.288,1011.8,LANDSLIDE
832000,234.0,28.8,83.6,1111,271.2,0.072,0.135,1.866,26.2,1.827,1010.6,LANDSLIDE
552000,242.3,23.1,87.1,961,234.7,0.102,-0.099,1.449,27.6,1.497,1014.3,LANDSLIDE
114000,42.6,30.7,95.4,339,82.8,0.041,0.015,1.004,-2.8,1.042,995.0,FLASH_FLOOD
140000,26.6,27.8,80.4,1129,275.8,0.011,0.009,1.059,-2.0,1.037,993.6,FLASH_FLOOD
1349000,233.2,49.6,31.3,3927,958.9,0.102,0.096,0.968,-5.7,0.988,1011.9,FOREST_FIRE
282000,12.5,24.3,91.5,340,83.1,-0.081,0.093,1.051,-6.8,1.029,992.4,FLASH_FLOOD
1269000,144.6,35.0,14.8,2872,701.4,-0.103,-0.146,0.949,-2.3,0.937,1003.7,FOREST_FIRE
1021000,103.9,47.6,10.6,2815,687.4,-0.099,0.137,1.05,2.4,1.014,1009.2,FOREST_FIRE
1462000,202.0,39.0,24.4,2477,605.0,0.035,-0.065,0.9,2.8,0.941,1013.7,FOREST_FIRE
565000,220.1,28.0,60.3,438,106.9,-0.091,0.125,1.65,-35.9,1.7,1011.4,LANDSLIDE
1900000,189.9,27.0,66.7,1067,260.6,0.098,-0.142,1.017,-0.9,0.992,1009.3,NORMAL
137000,27.9,21.8,79.8,764,186.7,-0.115,-0.088,1.018,-7.0,1.01,1000.4,FLASH_FLOOD
557000,91.4,24.1,62.7,460,112.4,0.011,0.147,2.417,31.5,2.382,1020.1,LANDSLIDE
751000,156.4,26.1,63.2,704,171.9,0.093,-0.022,2.035,39.8,2.059,1006.0,LANDSLIDE
1981000,149.1,23.0,57.7,885,216.2,0.075,0.132,0.904,2.5,0.908,1006.8,NORMAL
740000,162.1,29.3,80.3,1037,253.2,0.003,0.026,1.793,35.6,1.748,1005.1,LANDSLIDE
1002000,245.6,54.1,24.6,3255,794.8,-0.106,0.115,0.875,3.2,0.901,1014.8,FOREST_FIRE
169000,9.6,30.2,89.4,906,221.2,-0.101,0.145,0.934,-2.9,0.96,1003.5,FLASH_FLOOD
1891000,177.4,25.8,84.1,1004,245.3,0.044,0.022,1.078,2.1,1.052,1009.2,NORMAL
1738000,241.3,22.5,77.9,165,40.2,-0.007,0.086,0.969,-6.3,0.966,1011.7,NORMAL
1428000,158.2,45.6,35.3,3826,934.4,-0.028,0.052,0.974,-5.8,1.021,1007.1,FOREST_FIRE
302000,33.0,24.5,95.6,817,199.4,-0.096,-0.111,1.007,-2.1,1.0,995.6,FLASH_FLOOD
44000,13.9,28.3,79.2,851,207.9,-0.008,0.009,1.051,-0.1,1.059,1001.6,FLASH_FLOOD
308000,11.7,21.2,71.9,869,212.1,0.015,-0.142,1.03,7.0,1.04,1007.6,FLASH_FLOOD
163000,43.7,23.5,90.8,1172,286.3,0.023,-0.077,0.95,-4.8,0.963,999.8,FLASH_FLOOD
694000,134.2,28.2,78.3,471,114.9,-0.021,0.048,1.356,-28.5,1.406,1005.7,LANDSLIDE
640000,168.4,31.8,59.4,823,201.0,-0.056,0.043,2.24,-34.9,2.207,1017.7,LANDSLIDE
999000,253.8,30.1,63.2,493,120.4,-0.106,0.149,1.374,-25.6,1.412,1007.5,LANDSLIDE
1080000,215.4,38.9,30.4,3183,777.3,-0.107,0.069,0.907,-1.5,0.935,1003.2,FOREST_FIRE
367000,16.3,22.9,72.1,537,131.1,-0.048,-0.017,0.891,-2.9,0.928,1002.3,FLASH_FLOOD
85000,39.5,20.5,70.6,696,170.1,0.109,0.023,1.069,5.3,1.061,1008.4,FLASH_FLOOD
161000,24.7,20.8,83.0,344,84.1,-0.005,-0.127,0.903,-1.9,0.928,998.4,FLASH_FLOOD
1475000,227.4,41.1,38.5,3598,878.6,0.111,0.001,0.939,-0.5,0.941,1008.9,FOREST_FIRE
40000,35.9,30.2,88.0,245,59.8,0.145,0.085,1.01,3.0,1.025,992.4,FLASH_FLOOD
1776000,222.6,27.5,62.4,424,103.6,0.031,0.036,0.966,5.8,0.987,1020.8,NORMAL
965000,126.9,24.9,63.6,838,204.7,0.02,0.011,1.823,30.6,1.859,1018.8,LANDSLIDE
1476000,143.5,41.1,14.8,3814,931.4,-0.132,0.044,0.91,-2.8,0.904,1008.9,FOREST_FIRE
1038000,218.6,51.7,15.6,3076,751.2,-0.139,-0.097,1.021,5.4,0.986,998.4,FOREST_FIRE
1141000,226.2,38.6,28.6,3322,811.2,-0.022,-0.021,0.88,3.3,0.905,1002.1,FOREST_FIRE
1110000,228.1,52.6,11.5,3770,920.6,-0.081,0.044,0.9,-2.7,0.927,1002.5,FOREST_FIRE
375000,18.8,21.1,70.2,488,119.2,-0.029,-0.112,0.966,7.1,0.987,1009.7,FLASH_FLOOD
399000,18.0,31.7,87.3,618,150.8,0.101,0.088,1.123,5.0,1.096,992.7,FLASH_FLOOD
481000,39.9,22.2,75.6,877,214.3,0.031,0.111,0.914,2.0,0.953,1004.9,FLASH_FLOOD
18000,33.6,22.9,81.9,785,191.8,-0.06,-0.055,1.112,0.4,1.087,1003.4,FLASH_FLOOD
875000,70.4,28.3,66.9,722,176.2,0.146,-0.146,1.433,23.4,1.45,1021.7,LANDSLIDE
236000,16.9,20.6,95.6,1111,271.3,-0.09,-0.027,1.08,0.0,1.073,992.7,FLASH_FLOOD
616000,225.7,31.1,58.5,1173,286.6,-0.042,0.084,1.701,-22.3,1.698,1006.6,LANDSLIDE
1421000,145.4,40.2,44.8,3261,796.2,0.026,-0.023,1.001,6.1,0.955,1011.4,FOREST_FIRE
1657000,121.3,29.8,70.5,848,207.0,0.04,-0.033,1.07,5.4,1.05,1021.9,NORMAL
1183000,134.5,42.2,12.3,3444,841.1,0.061,0.016,0.894,5.2,0.942,999.3,FOREST_FIRE
1366000,221.9,45.1,28.3,2563,626.0,0.015,-0.017,0.986,-7.4,0.961,1004.9,FOREST_FIRE
971000,163.3,23.1,63.4,781,190.7,-0.105,0.116,1.814,-24.3,1.779,1008.6,LANDSLIDE
1888000,159.4,28.5,82.4,917,223.9,-0.136,0.097,0.971,4.7,0.946,1010.8,NORMAL
1734000,133.0,24.7,68.6,1191,290.8,-0.023,-0.015,0.949,0.7,0.941,1017.8,NORMAL
356000,27.0,23.5,74.0,556,135.8,-0.068,0.008,0.916,-1.9,0.914,1003.9,FLASH_FLOOD
838000,87.7,26.2,88.7,548,133.7,0.043,-0.033,2.397,-37.0,2.4,1021.1,LANDSLIDE
1481000,94.6,43.8,10.1,2880,703.4,-0.101,0.15,0.997,-5.1,1.023,1007.1,FOREST_FIRE
1163000,217.1,50.1,32.1,3353,818.7,0.069,0.11,0.948,-6.0,0.952,1014.1,FOREST_FIRE
635000,143.4,29.5,79.6,167,40.7,0.105,0.11,1.444,-44.0,1.413,1014.5,LANDSLIDE
323000,9.4,26.3,72.0,751,183.4,-0.111,0.112,0.935,1.8,0.965,1006.7,FLASH_FLOOD
516000,211.3,25.2,62.4,514,125.4,-0.026,0.119,2.317,-36.0,2.297,1020.7,LANDSLIDE
157000,25.0,31.7,71.6,968,236.5,0.102,-0.048,1.125,-5.8,1.098,998.7,FLASH_FLOOD
416000,30.1,23.5,99.1,906,221.2,-0.11,-0.046,1.069,-0.1,1.075,1000.8,FLASH_FLOOD
1578000,92.1,24.1,78.4,984,240.2,-0.005,0.103,1.097,2.2,1.065,1013.1,NORMAL
1603000,201.9,29.7,84.4,1101,268.8,0.054,0.08,0.96,-6.4,0.966,1015.7,NORMAL
327000,18.5,21.9,100.0,1104,269.5,-0.044,-0.055,0.985,-5.3,0.936,998.9,FLASH_FLOOD
1660000,195.5,24.9,71.1,645,157.4,-0.083,-0.051,0.992,2.8,0.982,1020.1,NORMAL
1075000,148.6,46.3,25.2,2506,612.0,0.085,-0.028,1.123,2.6,1.096,1011.1,FOREST_FIRE
1159000,194.4,54.8,36.4,3186,778.1,-0.023,0.037,0.908,-5.8,0.952,1006.5,FOREST_FIRE
967000,229.6,24.0,56.8,1209,295.2,0.148,-0.138,1.436,-24.7,1.479,1011.6,LANDSLIDE
1629000,244.8,26.8,61.3,407,99.5,-0.08,-0.074,0.98,-8.0,0.994,1009.1,NORMAL
270000,33.0,20.9,97.8,847,206.8,0.086,-0.06,1.01,1.9,1.051,992.1,FLASH_FLOOD
1936000,115.1,28.4,79.7,836,204.3,-0.064,-0.141,0.932,0.3,0.903,1011.5,NORMAL
1182000,223.9,44.5,20.0,3939,962.0,-0.046,-0.098,1.018,0.2,1.043,1011.9,FOREST_FIRE
1213000,214.2,36.7,13.5,3733,911.6,-0.122,0.146,1.03,1.6,1.078,1013.8,FOREST_FIRE
1762000,95.6,26.2,56.1,591,144.3,0.103,0.123,1.053,1.0,1.044,1016.4,NORMAL
850000,250.4,27.3,56.6,738,180.3,-0.082,0.129,2.038,-25.7,2.017,1007.8,LANDSLIDE
1711000,245.7,28.5,71.4,733,179.0,0.07,0.101,0.961,-6.8,0.966,1009.9,NORMAL
1148000,191.2,35.3,34.9,3949,964.4,-0.021,0.146,1.115,6.6,1.099,998.3,FOREST_FIRE
668000,225.8,31.0,78.1,1074,262.3,0.128,-0.092,1.469,-44.9,1.516,1010.9,LANDSLIDE
1963000,256.8,25.6,56.5,1100,268.7,0.105,0.045,1.11,7.2,1.094,1017.3,NORMAL
1774000,198.0,23.4,59.8,717,175.2,-0.059,-0.012,1.117,-2.4,1.097,1017.9,NORMAL
71000,21.8,28.9,74.6,647,157.9,-0.12,-0.003,1.039,2.7,1.049,998.3,FLASH_FLOOD
985000,100.6,27.5,56.4,1066,260.3,0.063,-0.069,2.344,-33.7,2.392,1010.3,LANDSLIDE
154000,8.7,24.6,86.6,1067,260.4,-0.147,-0.099,1.072,2.5,1.072,991.1,FLASH_FLOOD
511000,136.9,31.4,86.5,419,102.3,0.016,-0.13,1.586,-33.6,1.633,1013.6,LANDSLIDE
1832000,97.8,26.9,71.9,188,46.0,0.084,0.14,0.993,-5.9,0.951,1017.2,NORMAL
346000,35.6,20.2,78.1,687,167.8,0.073,0.146,0.964,-5.8,0.939,998.3,FLASH_FLOOD
1723000,231.9,31.1,72.1,880,214.9,0.143,-0.072,1.044,-3.0,1.05,1015.4,NORMAL
1612000,185.1,27.6,58.1,1145,279.7,-0.082,-0.097,0.988,2.6,1.029,1021.9,NORMAL
469000,42.2,30.5,74.0,760,185.5,0.009,-0.107,0.914,1.3,0.952,996.3,FLASH_FLOOD
87000,25.4,30.9,80.5,518,126.6,0.096,0.095,0.976,-5.3,1.002,1004.5,FLASH_FLOOD
370000,36.6,30.6,83.6,1136,277.3,-0.007,-0.045,1.036,-1.7,1.04,990.6,FLASH_FLOOD
1391000,92.0,35.6,21.3,4002,977.4,-0.075,0.025,0.968,-2.8,0.948,1007.1,FOREST_FIRE
1531000,198.6,22.6,80.9,316,77.2,0.057,0.08,1.018,-5.8,1.022,1010.8,NORMAL
813000,205.2,24.1,65.6,440,107.4,0.026,0.0,2.373,-31.3,2.371,1021.9,LANDSLIDE
1115000,131.6,35.5,15.8,3230,788.7,-0.124,-0.013,1.072,-5.4,1.044,1005.4,FOREST_FIRE
915000,167.5,27.9,56.5,659,160.9,-0.104,0.071,2.251,44.4,2.262,1019.4,LANDSLIDE
1902000,124.0,25.1,70.6,258,62.9,0.083,-0.132,1.003,-2.9,0.994,1008.5,NORMAL
1086000,97.3,44.0,33.9,3820,932.8,0.01,0.128,0.997,-1.1,0.957,1003.0,FOREST_FIRE
1882000,257.6,26.6,87.7,951,232.3,0.139,-0.021,0.989,1.8,0.98,1011.4,NORMAL
869000,190.6,29.1,73.7,1044,254.8,-0.134,0.036,1.838,-44.5,1.839,1016.9,LANDSLIDE
1754000,246.7,29.3,77.8,375,91.6,-0.125,-0.128,0.945,4.5,0.912,1012.5,NORMAL
983000,153.8,26.5,75.7,313,76.4,0.064,-0.039,1.586,42.7,1.616,1007.4,LANDSLIDE
62000,22.7,28.3,97.1,626,152.8,0.089,-0.062,1.014,-6.4,1.027,990.9,FLASH_FLOOD
1751000,153.0,25.2,85.6,483,118.0,-0.01,-0.093,0.989,-6.3,0.948,1018.7,NORMAL
748000,202.5,30.6,81.2,235,57.5,-0.08,-0.045,1.997,31.6,1.994,1008.0,LANDSLIDE
1602000,237.1,30.6,82.4,1225,299.1,0.09,-0.017,0.995,-4.9,0.971,1012.6,NORMAL
620000,190.1,30.7,89.0,963,235.2,0.028,-0.147,1.397,-28.2,1.354,1011.8,LANDSLIDE
841000,79.8,26.0,68.1,826,201.7,-0.037,0.03,2.312,-32.8,2.309,1005.5,LANDSLIDE
1596000,177.0,24.1,64.2,601,146.9,0.056,-0.03,1.037,0.4,1.072,1021.3,NORMAL
508000,246.2,23.9,71.7,292,71.3,0.024,-0.125,2.225,-40.1,2.221,1005.3,LANDSLIDE
664000,184.2,24.6,74.4,381,93.0,0.142,0.022,1.952,-35.6,1.999,1015.7,LANDSLIDE
14000,22.9,25.1,78.4,525,128.2,0.127,-0.017,0.986,5.8,0.95,995.0,FLASH_FLOOD
1085000,256.0,45.9,20.7,3428,837.0,-0.099,0.024,0.944,-5.0,0.989,1009.5,FOREST_FIRE
1961000,209.1,30.2,69.1,692,168.9,0.128,0.106,0.946,-7.2,0.967,1008.5,NORMAL
637000,86.2,26.2,56.9,783,191.2,0.021,0.094,1.398,-25.4,1.433,1007.7,LANDSLIDE
717000,225.0,26.3,65.6,1198,292.6,0.016,-0.134,2.093,40.7,2.066,1018.2,LANDSLIDE
1654000,177.6,23.0,86.4,373,91.2,0.092,-0.008,0.894,-0.6,0.906,1005.4,NORMAL
342000,43.8,30.9,79.9,830,202.6,-0.088,-0.108,0.952,-4.4,0.948,1000.8,FLASH_FLOOD
525000,83.0,26.4,58.3,297,72.5,0.091,-0.134,2.183,-42.5,2.172,1011.4,LANDSLIDE
21000,8.7,25.1,78.3,445,108.6,0.081,0.041,1.057,-0.2,1.081,990.1,FLASH_FLOOD
1066000,116.2,38.5,17.7,3927,959.0,0.095,0.003,1.017,-2.9,1.049,1002.1,FOREST_FIRE
1294000,227.6,38.3,15.7,3763,918.8,0.114,-0.132,0.935,6.7,0.903,1000.9,FOREST_FIRE
1186000,96.2,42.6,18.8,2896,707.1,0.099,0.045,1.029,3.7,1.02,1013.1,FOREST_FIRE
1701000,231.8,31.3,68.4,763,186.4,-0.014,-0.078,0.959,-1.9,0.932,1007.8,NORMAL
219000,23.6,22.7,78.1,1107,270.2,0.076,0.05,0.948,-2.1,0.989,991.2,FLASH_FLOOD
503000,94.9,26.6,88.9,727,177.6,0.106,-0.117,2.305,25.6,2.318,1005.6,LANDSLIDE
698000,75.5,26.4,66.0,923,225.3,0.08,-0.123,2.272,-31.4,2.308,1012.1,LANDSLIDE
981000,155.6,26.0,73.4,1168,285.3,0.001,-0.0,1.93,39.2,1.9,1017.2,LANDSLIDE
1089000,144.1,35.5,37.5,3421,835.4,-0.021,0.054,1.1,-4.3,1.05,1009.4,FOREST_FIRE
1884000,195.6,22.5,84.6,1131,276.1,0.007,0.089,1.138,-6.7,1.093,1008.7,NORMAL
1938000,94.0,25.4,80.1,1091,266.4,-0.051,-0.032,1.113,2.2,1.094,1014.9,NORMAL
1139000,219.8,45.3,38.4,3555,868.1,-0.106,-0.141,1.025,-5.4,1.003,1004.0,FOREST_FIRE
1088000,182.8,39.7,24.9,3811,930.5,0.012,0.113,1.081,-0.1,1.046,1012.5,FOREST_FIRE
1779000,126.8,27.3,83.4,1151,281.0,-0.043,-0.124,1.021,-1.1,1.005,1016.3,NORMAL
543000,215.0,23.3,88.0,1027,250.7,-0.06,0.026,2.158,37.8,2.151,1012.1,LANDSLIDE
784000,81.3,31.2,86.0,1168,285.1,-0.123,0.088,2.142,25.0,2.178,1017.8,LANDSLIDE
1949000,140.7,25.4,73.7,1167,285.0,0.001,0.033,1.071,-1.2,1.081,1015.9,NORMAL
100000,15.2,30.0,86.5,915,223.4,0.008,-0.117,0.88,-0.8,0.901,1004.5,FLASH_FLOOD
1466000,127.2,42.8,18.9,3391,828.1,-0.1,0.112,1.086,4.5,1.059,1014.9,FOREST_FIRE
1809000,218.5,25.4,67.5,398,97.2,-0.109,-0.094,0.941,-0.7,0.906,1018.0,NORMAL
497000,21.2,22.4,79.0,858,209.5,-0.05,0.068,1.102,3.2,1.078,990.7,FLASH_FLOOD
704000,240.8,24.0,71.8,270,66.0,-0.106,-0.065,1.799,-30.9,1.837,1009.7,LANDSLIDE
1036000,175.6,53.7,36.4,3368,822.5,0.072,0.144,0.907,1.2,0.9,998.3,FOREST_FIRE
280000,44.2,23.9,91.1,548,133.9,0.099,0.1,0.967,-0.5,0.991,1000.4,FLASH_FLOOD
186000,9.0,29.0,87.7,602,147.0,0.139,-0.056,1.036,3.0,1.072,997.7,FLASH_FLOOD
626000,180.6,23.6,61.2,811,198.0,0.068,0.092,1.466,42.9,1.455,1009.2,LANDSLIDE
1227000,118.5,52.6,37.9,3906,953.9,-0.039,0.006,0.906,7.3,0.948,997.8,FOREST_FIRE
1890000,99.5,22.3,59.6,1082,264.2,0.15,-0.022,0.975,5.7,1.008,1019.8,NORMAL
1965000,171.2,31.4,68.0,709,173.1,0.033,0.1,1.012,-3.4,0.979,1012.6,NORMAL
803000,167.4,28.3,78.2,838,204.6,0.098,-0.015,1.912,27.2,1.87,1014.1,LANDSLIDE
1102000,107.4,42.4,10.9,3515,858.3,0.137,0.135,0.927,7.0,0.921,1005.4,FOREST_FIRE
1567000,139.3,28.6,89.0,577,140.9,-0.09,0.067,1.047,-7.2,1.04,1021.8,NORMAL
1680000,171.0,24.6,85.6,870,212.5,-0.068,0.102,1.022,-6.7,1.072,1016.1,NORMAL
391000,24.7,31.1,88.3,228,55.6,-0.002,-0.107,0.98,7.3,0.953,993.6,FLASH_FLOOD
1939000,156.1,24.0,58.3,831,203.0,0.018,0.009,1.104,-2.3,1.061,1008.7,NORMAL
1980000,126.8,31.9,73.1,1163,284.1,-0.012,-0.093,1.086,-2.0,1.053,1005.6,NORMAL
705000,221.8,25.9,75.3,856,209.1,-0.067,0.145,1.827,-30.2,1.841,1020.4,LANDSLIDE
1254000,229.5,43.0,21.3,2765,675.3,-0.117,0.123,1.005,-0.9,0.991,1004.4,FOREST_FIRE
817000,97.8,24.3,80.1,1207,294.6,-0.059,-0.088,2.276,-38.9,2.301,1017.6,LANDSLIDE
5000,32.4,30.1,93.3,568,138.7,-0.14,-0.055,1.005,7.8,1.028,994.6,FLASH_FLOOD
1393000,191.4,37.8,28.6,3277,800.3,-0.071,-0.053,0.893,7.5,0.93,996.4,FOREST_FIRE
465000,41.8,25.4,90.2,1172,286.3,0.064,-0.093,1.08,-6.1,1.044,992.4,FLASH_FLOOD
1881000,226.4,22.4,71.0,721,176.0,-0.048,-0.109,1.053,-7.9,1.052,1018.6,NORMAL
530000,104.1,25.4,78.4,1209,295.3,-0.014,0.087,1.744,44.2,1.79,1014.8,LANDSLIDE
1808000,225.7,29.6,89.2,1041,254.2,-0.126,0.05,1.059,2.0,1.017,1010.5,NORMAL
774000,105.5,28.4,57.2,743,181.5,0.146,0.067,2.279,22.4,2.293,1015.4,LANDSLIDE
57000,25.3,30.6,95.9,423,103.4,0.087,-0.026,1.02,0.8,0.977,995.5,FLASH_FLOOD
1451000,165.1,54.5,23.1,3671,896.5,-0.104,-0.122,0.932,-0.6,0.928,1012.2,FOREST_FIRE
1967000,140.8,27.7,79.1,1009,246.3,-0.12,0.125,0.945,1.7,0.933,1008.5,NORMAL
47000,7.1,31.3,84.3,775,189.3,-0.03,-0.128,1.001,-0.5,0.988,1006.4,FLASH_FLOOD
1614000,155.3,24.1,65.2,665,162.4,0.073,0.022,0.94,-3.9,0.935,1007.1,NORMAL
1742000,177.8,22.1,87.3,502,122.6,-0.015,-0.071,0.881,-3.5,0.922,1019.3,NORMAL
517000,240.7,29.6,73.8,855,208.8,0.098,-0.043,1.688,-37.4,1.721,1019.1,LANDSLIDE
471000,10.9,22.8,71.1,1072,261.8,0.062,-0.019,1.109,2.5,1.06,995.2,FLASH_FLOOD
1208000,114.0,53.0,35.4,2573,628.3,-0.136,-0.044,1.068,4.9,1.062,1000.2,FOREST_FIRE
1264000,186.2,38.6,43.5,3120,762.0,0.096,0.035,1.086,2.6,1.037,1002.5,FOREST_FIRE
442000,43.9,24.6,90.4,270,65.9,0.037,-0.121,0.871,-7.2,0.914,993.1,FLASH_FLOOD
294000,34.5,20.8,72.7,540,131.8,0.099,0.125,1.002,-1.7,1.017,995.7,FLASH_FLOOD
107000,19.1,32.0,78.2,898,219.3,0.134,-0.127,0.922,-2.4,0.908,1009.6,FLASH_FLOOD
496000,41.4,20.1,78.4,889,217.0,0.126,0.06,0.955,0.9,0.961,1000.6,FLASH_FLOOD
1402000,196.0,47.8,22.7,2517,614.6,-0.117,0.003,1.033,5.3,1.032,1014.5,FOREST_FIRE
395000,40.9,27.6,80.8,206,50.2,0.04,0.071,0.902,-1.9,0.938,991.7,FLASH_FLOOD
1925000,144.5,30.5,88.3,205,50.1,-0.018,-0.124,0.983,-7.1,0.961,1005.2,NORMAL
336000,20.0,29.1,95.6,319,77.9,-0.134,0.135,1.106,-7.3,1.064,992.2,FLASH_FLOOD
414000,16.1,20.8,80.4,404,98.6,0.008,-0.113,0.974,-2.4,0.953,999.7,FLASH_FLOOD
589000,94.9,25.6,71.6,289,70.5,-0.031,-0.059,1.617,25.4,1.607,1012.4,LANDSLIDE
344000,21.5,25.3,98.0,938,229.0,0.13,-0.068,1.104,4.2,1.076,1007.9,FLASH_FLOOD
1338000,116.7,41.9,21.2,3563,870.0,-0.099,0.025,0.99,0.6,1.009,1006.1,FOREST_FIRE
1106000,208.5,35.7,22.4,3205,782.7,0.134,-0.113,1.099,-6.3,1.09,1007.3,FOREST_FIRE
834000,183.4,30.9,80.0,365,89.1,0.136,-0.052,2.15,-34.3,2.168,1006.7,LANDSLIDE
1789000,96.1,27.1,84.2,457,111.6,0.043,-0.047,1.143,1.1,1.094,1011.8,NORMAL
1354000,217.6,48.4,16.8,3560,869.3,0.073,-0.113,1.024,-0.6,1.05,995.4,FOREST_FIRE
384000,10.8,31.2,74.6,1015,247.8,0.148,0.081,0.942,5.8,0.969,999.9,FLASH_FLOOD
354000,38.0,20.6,74.4,424,103.6,-0.139,0.106,1.041,0.8,1.024,1003.1,FLASH_FLOOD
860000,263.3,31.4,83.5,992,242.2,0.091,0.069,1.489,22.6,1.454,1014.6,LANDSLIDE
1223000,197.6,40.1,41.5,2758,673.5,0.011,-0.095,0.899,-6.8,0.943,997.1,FOREST_FIRE
1135000,100.5,35.4,18.0,2664,650.6,0.045,0.12,0.97,7.4,0.986,1000.6,FOREST_FIRE
267000,6.8,30.8,75.8,1039,253.7,0.134,-0.1,1.106,-2.0,1.061,1000.3,FLASH_FLOOD
1929000,208.1,26.2,58.7,571,139.4,-0.132,0.076,1.072,2.3,1.038,1006.6,NORMAL
733000,278.4,25.4,62.5,199,48.5,0.02,0.149,2.37,-23.8,2.357,1022.0,LANDSLIDE
489000,13.4,20.6,70.5,271,66.2,-0.043,-0.102,1.132,-1.3,1.099,1007.6,FLASH_FLOOD
1556000,224.5,30.2,77.4,481,117.4,0.053,0.111,1.077,-7.1,1.08,1009.6,NORMAL
897000,113.4,28.2,56.8,751,183.4,0.02,-0.098,1.423,26.1,1.375,1013.8,LANDSLIDE
113000,40.1,29.4,89.2,848,207.0,0.14,-0.02,1.077,-0.8,1.036,993.6,FLASH_FLOOD
175000,23.3,28.9,93.0,475,115.9,-0.116,-0.116,1.035,-3.6,1.008,1001.0,FLASH_FLOOD
1373000,118.9,50.6,18.3,3920,957.3,-0.109,0.021,0.877,-5.6,0.907,1003.3,FOREST_FIRE
143000,17.8,27.2,90.2,700,171.0,-0.059,-0.107,1.079,-3.4,1.063,996.4,FLASH_FLOOD
910000,223.6,24.1,80.1,830,202.6,0.028,0.108,1.837,-33.4,1.843,1017.0,LANDSLIDE
1555000,154.3,27.6,56.8,201,49.0,-0.059,0.039,0.892,1.8,0.934,1013.6,NORMAL
1527000,159.3,32.0,59.6,428,104.5,-0.041,0.143,0.979,3.2,1.015,1020.7,NORMAL
377000,11.2,32.0,90.1,364,88.9,-0.128,-0.145,1.107,-1.8,1.085,992.7,FLASH_FLOOD
1207000,169.6,37.6,19.0,4024,982.6,-0.026,0.07,1.119,1.2,1.073,1010.3,FOREST_FIRE
1589000,180.0,25.7,89.4,1115,272.3,-0.062,-0.106,0.982,4.2,0.994,1013.5,NORMAL
1018000,234.8,52.8,16.4,2805,684.9,-0.081,-0.067,0.987,-6.5,0.953,1011.0,FOREST_FIRE
457000,24.6,24.5,98.5,1196,292.2,-0.023,0.055,0.997,-1.0,0.951,996.3,FLASH_FLOOD
771000,261.3,31.2,61.7,1157,282.6,0.125,0.001,1.646,26.5,1.695,1011.1,LANDSLIDE
296000,35.3,31.5,83.8,903,220.5,0.026,-0.142,0.974,7.5,1.013,999.2,FLASH_FLOOD
833000,207.3,26.0,65.3,579,141.4,-0.09,0.096,1.952,41.7,1.909,1007.6,LANDSLIDE
1644000,214.0,24.7,81.1,785,191.7,0.051,0.038,1.024,-2.3,0.987,1012.7,NORMAL
1167000,206.1,51.2,17.2,2972,725.8,0.063,-0.112,1.009,5.3,1.008,1003.2,FOREST_FIRE
421000,44.2,26.9,74.4,915,223.4,0.122,-0.017,0.977,-0.4,0.958,1001.3,FLASH_FLOOD
1340000,166.2,42.1,14.9,3175,775.3,0.073,0.07,1.014,-0.5,1.053,1005.6,FOREST_FIRE
1551000,104.3,25.3,66.2,1061,259.1,0.124,-0.017,0.919,3.0,0.925,1011.6,NORMAL
84000,17.1,22.5,74.1,212,51.8,-0.052,-0.148,1.045,-1.7,1.02,995.1,FLASH_FLOOD
960000,76.5,28.1,82.7,852,208.0,-0.13,-0.125,1.844,-28.6,1.804,1015.2,LANDSLIDE
768000,138.7,28.1,60.0,164,40.1,0.0,-0.115,2.054,40.6,2.048,1007.3,LANDSLIDE
1933000,249.3,30.0,77.2,838,204.7,-0.013,0.061,1.018,-0.1,1.052,1014.4,NORMAL
900000,103.6,30.4,67.7,785,191.7,0.114,-0.101,2.154,-28.7,2.192,1017.0,LANDSLIDE
935000,265.3,24.9,89.5,428,104.6,-0.059,-0.036,2.351,-36.2,2.344,1019.5,LANDSLIDE
903000,137.3,25.4,58.0,353,86.1,0.063,0.135,2.318,-24.6,2.36,1020.6,LANDSLIDE
907000,258.1,31.4,80.2,684,167.1,-0.143,-0.111,2.281,24.0,2.255,1020.6,LANDSLIDE
1572000,173.9,29.5,67.5,270,66.0,-0.148,-0.134,0.953,7.5,0.951,1012.3,NORMAL
1280000,235.8,52.5,19.2,3318,810.3,0.047,0.018,0.91,-0.8,0.945,1008.5,FOREST_FIRE
70000,41.4,23.6,82.2,1138,278.0,0.134,-0.059,0.912,-4.5,0.913,992.8,FLASH_FLOOD
976000,262.4,31.2,58.2,217,53.0,-0.081,-0.057,1.644,28.7,1.642,1012.7,LANDSLIDE
1123000,218.0,52.3,29.2,2741,669.3,-0.07,0.016,0.99,4.7,0.979,1012.7,FOREST_FIRE
840000,264.2,29.4,65.3,1040,254.0,0.086,-0.141,1.704,-25.5,1.733,1013.8,LANDSLIDE
271000,20.6,29.6,86.4,867,211.8,-0.107,0.053,1.048,-0.4,1.007,1009.2,FLASH_FLOOD
1064000,140.0,47.6,37.2,3010,735.0,-0.031,-0.019,1.079,-1.5,1.049,1004.8,FOREST_FIRE
448000,32.0,24.0,85.1,579,141.5,-0.048,0.034,1.048,1.2,1.062,1005.3,FLASH_FLOOD
139000,6.3,24.9,93.1,1222,298.5,0.143,0.044,0.906,7.0,0.914,1005.3,FLASH_FLOOD
836000,106.8,30.7,84.9,216,52.8,0.124,0.067,1.41,-35.6,1.447,1018.1,LANDSLIDE
1669000,223.8,25.8,57.8,269,65.7,-0.089,-0.109,0.938,3.2,0.917,1013.4,NORMAL
1332000,175.5,44.4,24.5,3510,857.1,-0.116,0.075,0.897,3.5,0.904,995.7,FOREST_FIRE
373000,43.2,20.8,73.3,657,160.4,0.081,-0.036,1.064,0.9,1.064,1006.3,FLASH_FLOOD
1224000,209.4,36.4,35.8,2509,612.8,0.119,-0.023,0.979,4.6,0.962,995.8,FOREST_FIRE
1899000,135.0,28.1,83.5,692,168.9,-0.064,-0.078,0.953,4.4,0.975,1009.6,NORMAL
1209000,121.1,49.6,25.3,3315,809.6,-0.077,0.111,1.059,-3.3,1.094,1012.6,FOREST_FIRE
1482000,137.2,48.9,38.8,2580,630.1,-0.117,-0.009,1.075,5.0,1.039,1009.5,FOREST_FIRE
777000,213.0,23.9,75.7,980,239.3,0.133,0.109,1.698,-23.9,1.673,1011.4,LANDSLIDE
889000,141.7,23.4,75.9,1158,282.7,0.135,0.127,2.331,-29.3,2.346,1008.6,LANDSLIDE
24000,39.6,29.7,78.0,948,231.5,-0.118,0.112,1.122,-2.7,1.086,1005.7,FLASH_FLOOD
854000,162.0,26.4,78.5,175,42.8,0.097,0.012,1.605,36.5,1.594,1006.7,LANDSLIDE
1519000,124.6,29.1,62.2,416,101.5,-0.093,0.146,0.906,3.5,0.926,1005.9,NORMAL
715000,85.3,24.0,86.1,381,93.1,0.134,0.121,1.618,-43.0,1.597,1017.9,LANDSLIDE
1083000,255.0,53.6,22.5,3981,972.2,0.125,-0.03,0.915,-0.7,0.918,999.1,FOREST_FIRE
779000,189.4,26.9,75.3,847,206.9,0.148,-0.02,1.528,22.8,1.513,1019.1,LANDSLIDE
1404000,133.0,38.4,43.9,3538,864.0,-0.065,0.096,0.998,-2.3,0.971,1000.5,FOREST_FIRE
529000,111.0,25.4,67.9,788,192.5,-0.09,0.123,1.822,-41.2,1.793,1013.6,LANDSLIDE
1040000,146.1,39.3,25.7,2739,668.9,-0.016,-0.055,1.029,5.3,1.019,1011.7,FOREST_FIRE
1247000,153.0,46.9,27.6,4033,984.9,-0.087,-0.066,0.937,5.7,0.979,996.3,FOREST_FIRE
1874000,101.1,27.7,58.3,1040,253.9,0.101,0.088,0.967,4.5,0.938,1016.5,NORMAL
1670000,234.1,27.8,65.8,181,44.2,-0.149,0.141,1.083,-5.8,1.081,1016.4,NORMAL
417000,21.5,24.1,89.4,1092,266.7,0.028,0.059,1.124,-4.3,1.089,996.5,FLASH_FLOOD
1553000,163.5,23.5,82.1,830,202.6,-0.01,-0.084,1.127,4.5,1.083,1013.4,NORMAL
51000,27.8,23.5,73.7,240,58.6,0.06,0.133,0.962,-5.3,0.962,1003.8,FLASH_FLOOD
1394000,198.3,54.9,10.6,2940,717.9,-0.122,0.081,1.135,-3.0,1.09,998.2,FOREST_FIRE
550000,186.1,23.6,85.9,874,213.3,0.149,-0.127,2.353,42.9,2.392,1020.3,LANDSLIDE
692000,268.5,28.8,86.5,1184,289.2,-0.067,-0.093,1.977,42.4,1.969,1016.5,LANDSLIDE
1039000,116.8,38.3,35.0,3626,885.5,0.009,0.12,0.996,-1.4,0.987,1012.7,FOREST_FIRE
607000,71.2,24.2,65.7,848,207.2,-0.012,-0.06,1.371,36.2,1.41,1012.9,LANDSLIDE
431000,9.1,21.9,76.6,561,137.0,0.119,0.034,1.001,-0.2,0.968,993.8,FLASH_FLOOD
1181000,95.6,45.1,15.1,3479,849.7,0.104,0.114,0.897,4.7,0.946,999.6,FOREST_FIRE
1400000,159.7,37.5,26.1,4018,981.1,0.146,0.003,1.086,7.0,1.051,1002.9,FOREST_FIRE
794000,121.3,29.4,63.7,264,64.6,0.098,0.1,2.097,28.3,2.073,1012.3,LANDSLIDE
341000,6.2,26.7,78.4,830,202.7,0.119,0.047,1.037,6.1,1.078,993.0,FLASH_FLOOD
311000,19.6,23.1,79.1,533,130.3,0.095,0.104,1.045,0.6,1.061,990.0,FLASH_FLOOD
934000,196.4,27.1,65.8,356,87.0,-0.1,-0.002,2.39,38.6,2.383,1017.2,LANDSLIDE
1619000,253.5,22.3,60.3,839,204.9,0.044,-0.035,1.082,7.5,1.05,1014.8,NORMAL
1158000,256.8,45.9,14.4,3280,801.0,0.087,-0.083,1.069,4.2,1.065,1006.5,FOREST_FIRE
1049000,144.7,42.5,11.5,3627,885.7,-0.134,-0.088,1.055,-2.1,1.064,1007.5,FOREST_FIRE
307000,15.8,25.3,95.9,501,122.4,0.026,0.14,0.945,-3.3,0.953,997.3,FLASH_FLOOD
945000,215.7,27.2,83.7,538,131.3,0.076,0.065,1.553,36.7,1.513,1006.8,LANDSLIDE
700000,95.5,30.4,58.0,1214,296.4,0.025,0.003,2.279,35.0,2.258,1019.0,LANDSLIDE
857000,219.8,24.8,80.3,432,105.4,-0.004,0.026,1.336,-44.6,1.364,1019.2,LANDSLIDE
720000,224.4,28.6,63.5,809,197.6,-0.043,0.125,1.842,-27.8,1.87,1006.3,LANDSLIDE
1523000,117.7,25.4,56.6,589,143.8,-0.029,-0.061,0.919,-5.0,0.924,1015.1,NORMAL
1380000,151.0,46.5,13.9,4021,982.0,0.127,-0.123,0.938,-6.2,0.907,1005.7,FOREST_FIRE
594000,79.7,30.5,56.2,703,171.6,0.134,0.121,1.59,-43.7,1.611,1012.2,LANDSLIDE
1851000,216.6,25.5,83.6,966,235.9,-0.085,0.124,1.02,-6.3,1.019,1015.3,NORMAL
921000,101.2,31.1,79.8,1030,251.5,-0.054,0.009,1.75,-29.2,1.753,1020.1,LANDSLIDE
629000,150.9,23.2,83.9,480,117.2,-0.044,-0.064,1.63,-43.0,1.588,1007.4,LANDSLIDE
1773000,160.9,29.1,77.2,258,63.0,0.043,0.004,1.01,4.3,0.979,1014.1,NORMAL
969000,106.1,24.3,76.6,448,109.4,0.14,-0.035,2.155,34.7,2.15,1007.6,LANDSLIDE
1180000,154.5,48.1,12.1,3844,938.7,-0.034,-0.076,0.949,-6.8,0.995,1007.1,FOREST_FIRE
992000,176.2,30.6,58.7,402,98.1,-0.026,-0.03,2.089,-42.8,2.082,1009.2,LANDSLIDE
105000,18.3,21.5,81.0,367,89.7,0.073,0.118,1.045,-2.3,1.056,1007.8,FLASH_FLOOD
221000,9.8,29.1,75.2,1123,274.1,0.142,0.093,0.998,4.8,1.036,1009.7,FLASH_FLOOD
216000,29.5,25.8,70.9,746,182.2,-0.101,0.117,0.884,6.4,0.919,1008.8,FLASH_FLOOD
241000,15.2,26.4,71.5,554,135.3,0.049,0.046,0.859,2.4,0.907,1009.9,FLASH_FLOOD
847000,210.3,24.8,81.9,523,127.7,-0.047,0.006,2.003,33.2,2.046,1018.7,LANDSLIDE
978000,265.8,29.1,57.4,1034,252.5,-0.076,-0.147,1.546,-39.5,1.51,1012.9,LANDSLIDE
1645000,183.5,24.4,78.2,829,202.5,-0.029,0.082,0.978,-5.2,0.994,1008.9,NORMAL
613000,194.2,29.0,78.3,668,163.2,0.04,-0.081,2.355,-36.1,2.392,1017.4,LANDSLIDE
1964000,204.5,27.6,85.1,647,158.0,-0.102,-0.095,0.986,6.0,1.01,1006.5,NORMAL
1188000,188.3,35.3,18.1,3913,955.6,0.057,-0.034,0.918,-5.3,0.924,995.3,FOREST_FIRE
738000,216.4,22.3,70.1,1218,297.4,-0.078,-0.062,1.468,42.8,1.484,1020.6,LANDSLIDE
1196000,226.5,52.9,10.8,3431,837.9,0.133,-0.11,1.107,-2.2,1.069,997.5,FOREST_FIRE
1700000,148.1,25.1,80.2,1167,285.0,-0.055,-0.065,0.967,-1.6,0.922,1014.1,NORMAL
1218000,91.7,50.5,10.4,3587,876.0,-0.149,-0.046,1.068,7.3,1.024,1006.6,FOREST_FIRE
1732000,123.5,29.3,55.4,835,203.8,0.092,-0.022,1.02,2.7,1.07,1018.3,NORMAL
106000,8.2,27.2,94.7,1148,280.3,-0.054,-0.126,1.076,0.3,1.06,1000.9,FLASH_FLOOD
991000,222.1,27.2,64.8,1118,273.1,-0.029,0.136,1.854,29.5,1.874,1013.2,LANDSLIDE
333000,28.8,26.1,76.7,218,53.1,-0.032,-0.11,0.937,3.7,0.979,995.8,FLASH_FLOOD
593000,97.1,29.5,62.3,289,70.5,-0.088,-0.102,1.485,32.3,1.479,1005.1,LANDSLIDE
1895000,217.1,23.5,88.1,393,96.1,-0.073,0.003,0.966,-3.1,0.956,1015.7,NORMAL
41000,43.4,27.6,94.9,527,128.7,-0.019,0.07,1.111,5.6,1.064,1004.1,FLASH_FLOOD
1956000,145.6,22.4,81.6,670,163.6,-0.112,-0.066,0.939,2.2,0.935,1009.8,NORMAL
706000,250.3,30.6,72.6,916,223.6,-0.108,0.085,1.848,30.1,1.832,1016.2,LANDSLIDE
190000,25.5,22.4,94.2,735,179.5,-0.033,0.04,0.989,1.9,0.955,1000.7,FLASH_FLOOD
1109000,203.8,50.9,21.1,3624,885.1,-0.097,-0.111,1.063,-2.6,1.018,1007.3,FOREST_FIRE
240000,12.5,31.4,97.5,1224,298.8,-0.081,0.068,1.043,-2.5,1.08,998.1,FLASH_FLOOD
445000,20.7,25.9,99.1,773,188.8,-0.044,0.143,1.053,-0.4,1.071,1002.3,FLASH_FLOOD
1643000,140.7,25.0,72.5,1020,249.1,-0.071,0.004,0.979,1.8,0.986,1005.1,NORMAL
1708000,90.4,26.9,76.1,852,208.0,-0.12,-0.106,1.051,-5.1,1.016,1010.8,NORMAL
899000,259.4,28.3,56.2,233,57.0,-0.089,-0.105,1.65,-29.6,1.679,1019.8,LANDSLIDE
1436000,222.4,39.0,16.5,3825,934.1,0.125,-0.037,1.061,3.0,1.088,998.7,FOREST_FIRE
1782000,254.5,28.8,80.0,165,40.2,0.02,-0.118,0.999,-3.3,1.017,1018.7,NORMAL
1202000,168.1,38.6,15.7,3374,824.0,0.066,0.086,1.02,-5.8,1.07,1001.6,FOREST_FIRE
89000,16.0,20.7,85.2,325,79.2,-0.014,-0.133,1.022,-6.9,0.988,996.2,FLASH_FLOOD
1093000,182.9,41.6,11.2,3448,842.1,0.049,0.013,1.126,-5.5,1.078,1009.6,FOREST_FIRE
576000,204.0,24.8,79.5,556,135.8,0.133,-0.053,1.367,-31.5,1.353,1013.1,LANDSLIDE
1112000,141.6,54.9,27.2,3275,799.8,0.147,-0.083,0.972,0.4,0.977,1012.0,FOREST_FIRE
619000,215.7,26.2,87.6,187,45.7,0.072,-0.031,2.203,-23.0,2.184,1007.2,LANDSLIDE
1000,8.5,25.1,70.9,401,98.0,0.002,-0.142,1.005,3.8,1.035,994.4,FLASH_FLOOD
1597000,120.7,27.9,78.8,1160,283.3,-0.05,-0.124,1.058,4.6,1.021,1015.7,NORMAL
239000,20.3,27.1,75.0,429,104.7,-0.061,-0.063,0.992,3.1,0.969,1006.5,FLASH_FLOOD
697000,149.0,23.4,81.9,607,148.2,0.113,-0.019,1.887,43.3,1.923,1010.1,LANDSLIDE
541000,117.8,25.0,83.8,594,145.0,0.067,-0.087,2.232,-32.9,2.259,1016.1,LANDSLIDE
1024000,121.3,35.8,44.9,3677,898.0,0.055,-0.11,1.006,-6.1,1.034,1009.6,FOREST_FIRE
1547000,246.7,22.4,85.4,507,123.8,0.119,-0.012,1.075,4.2,1.063,1020.9,NORMAL
683000,120.5,29.8,61.6,339,82.7,0.118,-0.094,2.085,-25.4,2.132,1016.0,LANDSLIDE
925000,218.3,29.8,89.8,571,139.3,-0.014,-0.101,1.603,43.5,1.64,1010.3,LANDSLIDE
1486000,231.6,35.4,15.2,3289,803.1,-0.048,0.019,1.103,-2.8,1.089,1006.6,FOREST_FIRE
1480000,206.8,54.2,20.6,4078,995.8,-0.144,-0.065,0.945,7.6,0.917,1007.0,FOREST_FIRE
1698000,140.3,28.4,84.7,485,118.3,-0.053,0.113,0.951,4.4,1.0,1020.5,NORMAL
1533000,254.4,26.3,59.7,535,130.7,-0.053,0.093,1.047,5.0,0.999,1010.0,NORMAL
861000,103.7,24.5,83.6,1200,293.1,0.018,0.109,2.172,32.5,2.157,1005.8,LANDSLIDE
1621000,245.6,32.0,81.1,460,112.3,0.105,-0.112,1.102,5.0,1.084,1007.3,NORMAL
1189000,176.3,44.6,23.5,2475,604.5,-0.061,-0.038,1.041,2.7,1.012,996.7,FOREST_FIRE
542000,164.5,27.9,74.3,1031,251.7,0.018,-0.038,1.578,31.9,1.57,1019.4,LANDSLIDE
363000,23.1,31.4,76.5,197,48.2,-0.116,0.085,1.027,-1.4,0.999,996.0,FLASH_FLOOD
463000,32.5,29.9,94.0,504,123.0,-0.026,-0.095,1.085,-0.3,1.047,994.0,FLASH_FLOOD
467000,17.9,28.3,90.6,892,217.9,0.063,0.071,0.878,-0.7,0.902,1004.3,FLASH_FLOOD
1989000,116.1,30.4,74.6,1041,254.3,0.135,0.051,1.069,0.2,1.095,1010.8,NORMAL
485000,38.9,28.8,87.9,172,42.0,-0.063,-0.004,1.041,2.1,1.043,1001.1,FLASH_FLOOD
1558000,226.8,24.5,69.2,869,212.2,-0.029,0.137,1.046,-2.3,1.069,1018.8,NORMAL
968000,140.9,23.1,73.7,266,64.9,0.037,-0.067,1.353,-37.2,1.36,1005.7,LANDSLIDE
1562000,126.8,29.8,70.3,304,74.3,-0.12,-0.12,1.04,-4.4,1.018,1020.2,NORMAL
1855000,142.8,22.4,84.7,805,196.5,-0.043,-0.061,0.997,-7.1,0.995,1007.8,NORMAL
164000,27.0,31.4,83.8,764,186.6,-0.018,-0.063,1.028,1.5,1.009,1004.2,FLASH_FLOOD
1726000,166.0,26.2,59.4,609,148.7,-0.054,-0.143,1.014,-0.1,1.019,1008.9,NORMAL
478000,14.0,28.2,74.7,617,150.8,0.039,0.007,0.947,-7.4,0.968,999.9,FLASH_FLOOD
1725000,112.0,22.1,69.5,768,187.5,-0.117,0.096,0.962,-2.8,1.007,1010.7,NORMAL
1369000,150.5,36.1,34.2,3586,875.8,-0.068,0.02,1.018,-7.9,1.052,1011.8,FOREST_FIRE
1812000,156.7,31.8,77.9,179,43.7,-0.125,0.1,0.886,1.9,0.912,1014.7,NORMAL
1386000,132.3,37.2,10.2,3302,806.5,0.083,0.15,0.943,3.4,0.981,1006.4,FOREST_FIRE
932000,93.7,24.6,61.9,582,142.1,-0.034,-0.118,1.608,44.3,1.565,1012.6,LANDSLIDE
1467000,233.2,38.5,28.1,3659,893.6,0.046,0.144,0.859,1.0,0.908,1000.3,FOREST_FIRE
1637000,200.0,26.3,66.7,1167,285.0,0.099,-0.1,0.928,6.6,0.904,1010.5,NORMAL
1203000,250.7,39.8,14.8,3144,767.9,0.13,0.127,1.067,-5.1,1.038,1002.8,FOREST_FIRE
1464000,95.4,47.5,11.6,2911,711.0,-0.129,-0.052,0.934,-4.7,0.95,1003.6,FOREST_FIRE
1871000,206.3,30.4,89.7,828,202.1,-0.127,0.121,1.093,0.1,1.065,1011.6,NORMAL
1344000,213.9,46.3,13.8,3153,769.9,-0.062,0.111,1.002,4.9,1.002,1004.6,FOREST_FIRE
665000,239.5,29.3,89.4,992,242.2,-0.037,-0.072,2.068,-26.5,2.113,1008.8,LANDSLIDE
636000,216.1,24.9,60.0,1198,292.7,-0.107,0.07,1.493,-23.3,1.473,1019.1,LANDSLIDE
460000,35.7,24.9,71.0,1112,271.5,0.097,0.132,1.023,6.7,1.026,1007.3,FLASH_FLOOD
574000,213.2,27.2,55.3,1215,296.6,-0.047,-0.055,1.677,29.8,1.703,1013.0,LANDSLIDE
795000,222.3,27.2,71.0,561,136.9,-0.049,0.041,1.868,42.3,1.888,1015.8,LANDSLIDE
20000,42.6,21.6,73.5,172,42.0,0.016,-0.068,0.97,5.1,0.96,992.1,FLASH_FLOOD
125000,36.0,31.0,96.2,498,121.6,-0.131,-0.109,1.009,-5.6,1.038,1004.7,FLASH_FLOOD
893000,130.2,29.5,78.9,531,129.7,0.069,0.139,1.574,25.5,1.585,1020.6,LANDSLIDE
1367000,129.8,36.9,35.1,3448,842.0,-0.116,0.135,0.959,4.2,0.99,1007.5,FOREST_FIRE
1914000,134.4,29.4,66.9,482,117.8,0.032,-0.065,0.877,-3.2,0.926,1008.2,NORMAL
937000,93.6,31.3,89.4,292,71.3,0.067,-0.013,1.572,42.2,1.533,1018.5,LANDSLIDE
827000,253.5,25.4,73.8,466,113.9,0.027,0.022,2.222,44.5,2.216,1006.3,LANDSLIDE
1706000,95.6,23.3,67.4,393,96.0,-0.059,0.084,1.049,5.4,1.017,1013.5,NORMAL
1565000,249.6,27.3,87.0,483,118.0,-0.031,-0.012,1.086,5.2,1.086,1007.7,NORMAL
929000,116.0,29.6,85.4,224,54.7,-0.08,-0.104,1.432,38.0,1.395,1015.9,LANDSLIDE
1142000,90.9,43.1,38.8,3963,967.8,-0.074,-0.019,1.064,2.7,1.074,1003.8,FOREST_FIRE
1863000,209.4,28.1,85.3,655,159.8,0.134,0.128,1.07,2.2,1.078,1010.6,NORMAL
237000,12.1,27.6,70.1,926,226.1,0.078,-0.099,1.024,4.5,0.998,995.5,FLASH_FLOOD
531000,148.9,24.2,55.1,409,99.9,-0.03,0.098,2.148,43.9,2.198,1017.5,LANDSLIDE
1923000,233.0,25.7,71.2,1205,294.3,-0.12,-0.131,1.05,5.6,1.068,1017.5,NORMAL
789000,87.4,26.3,65.0,1038,253.5,0.056,-0.12,1.874,-25.8,1.838,1012.2,LANDSLIDE
918000,270.9,31.6,57.3,671,163.9,0.039,-0.048,1.846,40.5,1.865,1021.0,LANDSLIDE
490000,15.3,24.1,80.7,622,152.0,0.113,-0.07,0.889,1.9,0.924,990.9,FLASH_FLOOD
428000,39.7,27.5,84.3,235,57.3,-0.114,0.004,1.024,3.9,1.016,1003.9,FLASH_FLOOD
657000,143.9,31.6,68.0,485,118.5,0.098,-0.022,1.832,33.5,1.785,1007.1,LANDSLIDE
1210000,136.4,46.0,44.6,4089,998.6,0.129,0.001,0.991,-7.4,0.986,1012.8,FOREST_FIRE
1138000,132.7,50.9,28.0,2520,615.5,0.123,0.088,1.016,-6.2,1.011,995.5,FOREST_FIRE
1293000,129.2,35.6,19.5,3961,967.2,-0.136,0.012,1.059,4.3,1.063,1010.8,FOREST_FIRE
1300000,150.3,37.0,16.1,3940,962.1,0.075,-0.075,1.085,3.8,1.079,1013.9,FOREST_FIRE
1559000,187.5,26.1,57.5,448,109.5,0.007,-0.085,1.038,1.5,1.029,1008.6,NORMAL
1869000,203.6,30.9,58.2,712,173.8,-0.068,0.034,1.104,2.5,1.096,1012.1,NORMAL
1658000,245.9,25.4,69.2,367,89.7,0.108,0.027,0.968,-6.3,0.928,1020.8,NORMAL
1108000,162.8,50.8,25.7,3181,776.9,-0.1,-0.002,1.038,-2.8,1.055,1001.0,FOREST_FIRE
519000,242.4,30.1,62.7,1194,291.5,-0.031,0.111,1.563,-35.9,1.556,1017.0,LANDSLIDE
804000,156.2,23.8,65.1,519,126.9,0.041,0.036,2.337,30.8,2.373,1020.4,LANDSLIDE
191000,22.4,25.4,88.3,941,229.8,0.073,0.072,0.874,5.5,0.912,996.2,FLASH_FLOOD
676000,157.2,24.8,84.5,1118,272.9,-0.06,-0.055,2.206,-23.6,2.221,1016.0,LANDSLIDE
10000,42.9,21.0,84.6,1049,256.2,0.078,0.08,0.874,-3.1,0.912,991.4,FLASH_FLOOD
783000,270.3,26.8,69.0,1153,281.5,-0.03,-0.141,2.164,24.5,2.163,1020.8,LANDSLIDE
1431000,239.9,36.5,34.7,2502,611.0,0.008,-0.106,0.919,-2.6,0.951,1011.6,FOREST_FIRE
1840000,167.7,28.8,57.5,993,242.6,-0.038,-0.061,0.907,2.9,0.935,1016.4,NORMAL
266000,29.8,31.5,90.5,876,213.9,0.125,0.133,1.069,-0.9,1.081,996.4,FLASH_FLOOD
151000,35.6,24.9,95.3,200,48.8,0.062,-0.147,1.09,5.5,1.089,994.6,FLASH_FLOOD
622000,274.2,31.3,64.5,848,207.0,-0.053,0.134,2.053,22.0,2.014,1014.1,LANDSLIDE
1174000,92.6,54.8,14.5,3890,949.8,0.029,0.133,0.974,0.3,0.979,998.5,FOREST_FIRE
117000,33.7,28.8,95.8,679,165.9,-0.111,-0.039,1.027,-4.7,1.021,1009.5,FLASH_FLOOD
926000,153.1,31.6,59.3,752,183.7,-0.052,0.101,1.982,34.7,2.029,1017.2,LANDSLIDE
1025000,200.8,39.1,15.1,3643,889.7,0.111,-0.052,0.894,5.3,0.903,1010.7,FOREST_FIRE
842000,196.7,23.6,55.5,262,64.0,0.041,-0.057,1.488,44.6,1.491,1013.1,LANDSLIDE
708000,239.8,26.0,56.6,333,81.4,0.07,-0.079,2.42,-33.0,2.38,1020.9,LANDSLIDE
67000,34.9,22.1,74.0,781,190.7,0.141,0.009,0.959,3.7,0.918,1000.8,FLASH_FLOOD
1859000,120.5,26.9,69.7,1159,283.1,-0.028,-0.139,1.118,5.1,1.098,1017.0,NORMAL
55000,13.1,26.6,97.8,549,134.1,0.059,-0.114,1.072,4.1,1.025,998.8,FLASH_FLOOD
1433000,254.7,52.7,23.0,2930,715.6,-0.029,0.016,1.009,-5.4,1.056,1011.7,FOREST_FIRE
996000,87.3,25.7,79.0,544,132.9,-0.138,-0.15,2.438,-29.6,2.396,1020.2,LANDSLIDE
1756000,169.8,28.9,70.6,970,236.9,0.13,0.053,1.065,5.3,1.057,1020.4,NORMAL
1827000,140.6,28.9,78.8,237,57.9,0.013,-0.121,0.887,3.4,0.929,1018.4,NORMAL
1797000,143.2,25.9,65.5,328,80.1,0.007,-0.149,1.063,5.8,1.062,1013.0,NORMAL
1010000,182.2,52.1,10.1,2849,695.8,0.088,0.133,1.143,-6.9,1.097,1010.6,FOREST_FIRE
1921000,180.5,23.0,62.7,1180,288.2,0.07,0.148,1.124,-6.5,1.078,1018.0,NORMAL
930000,78.4,27.0,66.3,877,214.3,0.027,-0.087,1.936,37.4,1.928,1013.4,LANDSLIDE
1235000,211.9,39.9,35.1,2525,616.6,-0.111,-0.122,0.909,5.6,0.925,1010.5,FOREST_FIRE
1767000,207.2,22.0,83.4,946,231.0,-0.135,-0.059,0.929,2.5,0.904,1011.6,NORMAL
1554000,209.0,26.1,80.4,200,48.8,-0.142,0.091,1.036,-1.6,1.086,1017.4,NORMAL
1824000,123.4,29.3,68.1,435,106.1,-0.148,0.083,0.89,-2.9,0.902,1021.8,NORMAL
695000,223.9,24.5,67.3,1078,263.3,-0.02,0.125,1.479,24.0,1.5,1007.6,LANDSLIDE
452000,10.9,21.8,90.6,767,187.2,-0.019,-0.054,1.037,2.0,1.004,996.0,FLASH_FLOOD
25000,12.7,23.9,95.9,489,119.3,-0.066,0.042,0.935,4.7,0.946,1009.3,FLASH_FLOOD
1185000,177.5,54.9,21.0,3405,831.5,-0.006,-0.068,1.033,6.2,1.038,997.7,FOREST_FIRE
1160000,231.0,50.1,31.0,3792,925.9,0.112,0.064,1.006,4.1,1.045,1015.0,FOREST_FIRE
988000,243.4,31.1,58.3,584,142.5,-0.105,0.014,1.764,-26.5,1.788,1021.2,LANDSLIDE
1447000,117.2,47.8,29.8,3934,960.7,0.146,-0.121,0.982,-1.9,1.019,1001.8,FOREST_FIRE
1194000,221.3,50.2,25.0,3355,819.3,-0.108,0.01,0.91,0.4,0.903,1000.9,FOREST_FIRE
1301000,235.7,48.7,19.1,3897,951.6,0.137,0.123,0.959,-6.2,0.935,1002.7,FOREST_FIRE
1052000,179.8,48.9,31.7,2940,718.1,0.021,0.051,0.954,-3.7,0.931,998.4,FOREST_FIRE
753000,178.9,27.4,88.3,568,138.6,-0.041,-0.09,2.003,-39.6,2.038,1011.0,LANDSLIDE
677000,266.9,22.8,82.1,214,52.2,-0.119,-0.083,2.268,-36.7,2.235,1013.4,LANDSLIDE
1886000,106.3,26.2,55.7,687,167.8,-0.096,-0.065,0.983,-3.3,1.013,1017.3,NORMAL
178000,15.7,30.3,99.6,737,180.1,-0.121,0.139,1.069,-2.8,1.041,1003.6,FLASH_FLOOD
388000,8.9,21.2,83.4,747,182.4,-0.065,-0.092,1.019,2.8,1.066,994.4,FLASH_FLOOD
501000,97.3,25.3,75.4,548,133.9,-0.086,-0.127,1.814,-23.9,1.796,1019.1,LANDSLIDE
1113000,251.4,45.3,35.9,2732,667.1,-0.087,0.138,0.904,-5.6,0.901,1002.4,FOREST_FIRE
309000,14.9,23.4,88.8,329,80.4,0.102,-0.141,1.093,2.5,1.077,992.6,FLASH_FLOOD
182000,39.3,25.3,70.0,270,65.9,-0.089,0.057,0.955,4.5,0.992,1009.2,FLASH_FLOOD
1568000,217.1,25.7,65.7,776,189.5,-0.143,0.054,1.075,0.6,1.074,1009.6,NORMAL
1655000,231.1,26.7,60.8,168,41.1,-0.005,0.016,1.028,-6.5,1.007,1012.2,NORMAL
97000,26.1,31.6,94.5,1212,296.0,-0.108,-0.075,0.97,-0.6,0.956,1006.0,FLASH_FLOOD
624000,126.4,29.8,58.7,570,139.3,0.024,0.092,1.607,34.7,1.582,1015.8,LANDSLIDE
167000,15.3,26.1,85.6,965,235.7,0.023,-0.016,0.975,7.5,0.986,1001.6,FLASH_FLOOD
1505000,220.0,31.8,60.4,1138,278.0,-0.148,-0.076,1.098,2.3,1.054,1019.4,NORMAL
334000,10.4,26.7,84.6,254,62.1,-0.091,0.035,1.078,0.0,1.055,1003.0,FLASH_FLOOD
1795000,229.9,27.5,73.8,541,132.0,-0.07,-0.091,0.919,6.0,0.94,1017.7,NORMAL
54000,17.6,23.9,99.1,1170,285.8,0.004,0.146,1.026,5.0,1.01,998.1,FLASH_FLOOD
251000,37.1,25.4,95.7,849,207.3,-0.114,-0.001,0.962,-1.5,0.947,998.9,FLASH_FLOOD
707000,138.1,31.2,57.4,679,165.8,0.137,-0.046,1.498,38.3,1.486,1008.1,LANDSLIDE
1446000,222.6,47.3,43.3,2650,647.2,-0.001,-0.091,1.08,-1.7,1.082,999.9,FOREST_FIRE
1414000,147.6,53.0,10.2,3765,919.3,0.052,0.065,0.97,-0.8,0.984,1005.9,FOREST_FIRE
1581000,127.9,27.0,77.4,431,105.3,0.078,-0.136,0.983,-7.7,0.967,1019.1,NORMAL
446000,18.7,21.2,80.4,535,130.7,-0.045,0.048,0.88,3.9,0.905,997.1,FLASH_FLOOD
1922000,155.5,22.7,64.0,440,107.4,0.124,-0.119,1.107,3.3,1.096,1007.9,NORMAL
773000,97.6,26.7,85.6,1023,249.9,-0.024,0.104,2.22,-25.5,2.264,1020.2,LANDSLIDE
520000,266.0,26.9,74.3,766,187.1,0.107,0.114,1.507,-24.9,1.484,1006.1,LANDSLIDE
693000,214.0,29.0,84.2,1011,246.8,-0.01,-0.105,1.921,-24.5,1.874,1010.9,LANDSLIDE
638000,102.7,23.8,81.0,908,221.6,0.114,-0.14,1.676,-40.0,1.651,1010.7,LANDSLIDE
984000,253.1,23.3,88.6,319,77.8,-0.127,-0.062,2.314,30.1,2.281,1011.4,LANDSLIDE
173000,30.4,28.3,89.4,609,148.7,0.016,-0.003,0.941,-5.8,0.977,1010.0,FLASH_FLOOD
1744000,108.1,29.0,70.3,713,174.1,-0.023,-0.124,1.103,-1.8,1.096,1013.8,NORMAL
669000,171.1,22.2,72.9,1087,265.4,0.136,-0.045,1.636,-27.1,1.631,1010.6,LANDSLIDE
1646000,253.2,23.8,68.4,559,136.4,0.079,-0.033,1.035,-2.7,1.069,1009.5,NORMAL
1814000,114.3,28.2,75.7,1038,253.4,-0.082,0.091,1.086,6.6,1.041,1012.1,NORMAL
491000,38.7,21.3,73.2,916,223.7,0.085,0.134,1.02,6.8,0.988,1002.2,FLASH_FLOOD
919000,163.9,28.2,76.4,728,177.7,-0.025,-0.087,1.399,24.9,1.416,1016.7,LANDSLIDE
742000,162.2,30.8,80.6,460,112.3,0.116,-0.063,1.679,25.8,1.638,1010.9,LANDSLIDE
837000,176.8,29.6,59.2,808,197.3,0.133,-0.145,1.84,44.7,1.852,1008.2,LANDSLIDE
9000,11.1,29.2,86.2,1091,266.3,0.009,-0.15,1.01,-3.2,1.028,1005.6,FLASH_FLOOD
170000,30.6,25.2,70.9,1184,289.2,-0.091,0.028,0.97,-4.3,0.981,1002.3,FLASH_FLOOD
1309000,210.9,54.8,20.4,2471,603.4,-0.117,-0.052,1.014,5.9,1.009,1010.3,FOREST_FIRE
1273000,145.9,47.7,16.4,2661,649.9,-0.114,-0.129,1.069,7.3,1.034,995.9,FOREST_FIRE
1719000,202.0,24.6,67.1,698,170.6,-0.006,0.139,1.044,-1.9,1.023,1007.2,NORMAL
1398000,245.3,41.1,16.2,2693,657.7,0.146,0.106,1.025,-3.0,1.045,1003.8,FOREST_FIRE
394000,30.3,31.5,72.7,1159,283.1,0.138,-0.126,1.032,-2.3,1.036,1000.7,FLASH_FLOOD
611000,142.3,29.5,82.3,937,228.8,-0.146,0.055,1.438,-44.0,1.482,1007.2,LANDSLIDE
1695000,116.0,28.9,67.6,811,198.0,-0.135,-0.051,0.899,0.7,0.903,1006.1,NORMAL
1032000,186.1,41.5,40.0,3042,742.8,0.01,-0.002,1.018,-1.9,1.025,1010.2,FOREST_FIRE
1549000,121.0,22.5,63.3,776,189.6,0.035,-0.082,1.128,-4.0,1.098,1006.1,NORMAL
1960000,92.7,24.6,69.6,425,103.7,-0.019,0.107,1.022,-5.5,0.979,1015.5,NORMAL
1117000,242.9,38.6,25.4,2655,648.4,-0.131,0.056,0.948,3.7,0.978,1004.4,FOREST_FIRE
754000,74.2,27.4,85.1,1017,248.3,0.132,-0.119,1.378,-38.9,1.388,1008.7,LANDSLIDE
1583000,146.5,28.0,81.7,462,112.9,-0.056,-0.138,0.863,5.5,0.904,1008.3,NORMAL
408000,16.2,28.8,92.1,685,167.2,-0.052,0.024,1.057,7.9,1.018,994.9,FLASH_FLOOD
475000,13.5,20.6,89.3,943,230.2,-0.133,-0.129,1.137,3.7,1.091,996.5,FLASH_FLOOD
1236000,123.5,39.6,39.0,3205,782.8,0.121,-0.121,0.973,5.2,0.969,1002.1,FOREST_FIRE
1727000,239.1,29.8,64.0,1086,265.3,0.111,0.047,1.055,-6.8,1.015,1010.1,NORMAL
1772000,147.0,29.0,64.8,1102,269.0,0.036,-0.081,0.978,1.6,0.936,1016.6,NORMAL
290000,17.3,24.1,91.2,677,165.4,0.106,0.048,1.036,-2.1,1.011,1004.7,FLASH_FLOOD
22000,26.8,30.0,87.5,174,42.5,-0.112,-0.058,1.117,-6.8,1.077,993.0,FLASH_FLOOD
1054000,156.3,35.8,24.1,2832,691.6,-0.048,0.055,1.031,4.0,1.052,1008.5,FOREST_FIRE
566000,193.5,30.6,80.6,595,145.2,-0.027,-0.138,2.065,30.8,2.023,1017.6,LANDSLIDE
1624000,131.7,22.3,60.7,1078,263.2,-0.042,0.115,0.925,-7.0,0.961,1011.7,NORMAL
752000,93.2,22.5,72.0,841,205.4,0.14,0.033,2.131,-42.1,2.169,1008.8,LANDSLIDE
933000,201.5,24.1,81.6,482,117.6,0.02,0.115,1.382,29.0,1.407,1015.1,LANDSLIDE
1045000,227.6,46.7,12.9,2769,676.2,-0.121,0.085,1.055,-2.8,1.052,1014.1,FOREST_FIRE
1450000,209.9,41.4,19.5,3636,887.9,0.025,-0.118,1.046,3.1,1.072,997.8,FOREST_FIRE
1128000,98.2,48.7,34.5,3211,784.1,0.048,-0.134,0.952,-5.6,0.941,1004.3,FOREST_FIRE
52000,43.5,30.0,87.3,624,152.3,0.15,0.052,0.927,-2.8,0.95,1009.0,FLASH_FLOOD
1550000,126.1,27.2,65.3,480,117.2,0.117,-0.147,1.038,2.6,1.021,1013.9,NORMAL
1506000,117.8,26.9,59.2,404,98.6,-0.055,-0.029,0.89,-6.8,0.939,1016.2,NORMAL
1171000,238.9,49.0,11.9,3106,758.6,0.032,-0.081,0.892,5.7,0.937,1001.7,FOREST_FIRE
868000,191.6,25.7,86.5,505,123.2,-0.121,0.125,2.234,-41.8,2.185,1007.3,LANDSLIDE
232000,17.0,21.8,93.0,1081,264.0,0.092,0.091,1.052,-3.8,1.042,1008.0,FLASH_FLOOD
357000,32.5,31.2,99.6,941,229.7,0.033,-0.055,1.1,2.1,1.097,995.7,FLASH_FLOOD
288000,16.3,30.5,82.3,306,74.8,0.063,0.087,0.954,-0.4,0.947,993.8,FLASH_FLOOD
8000,30.6,21.3,83.0,931,227.4,0.136,0.113,0.984,2.9,1.007,999.1,FLASH_FLOOD
1978000,141.1,28.4,70.5,659,160.9,-0.017,0.065,1.037,-4.0,1.061,1022.0,NORMAL
823000,249.8,28.6,66.4,668,163.2,-0.059,-0.107,1.829,27.3,1.846,1017.3,LANDSLIDE
352000,39.8,22.1,91.4,1135,277.2,-0.057,0.081,1.027,1.0,1.032,998.4,FLASH_FLOOD
699000,210.7,31.1,82.5,561,137.0,-0.011,0.079,1.484,23.2,1.482,1019.9,LANDSLIDE
1792000,224.7,25.6,71.4,840,205.1,0.115,0.057,1.07,7.9,1.039,1010.6,NORMAL
1600000,114.9,23.3,71.8,755,184.3,-0.068,0.062,1.038,-1.8,1.021,1008.9,NORMAL
284000,16.3,21.0,83.5,764,186.5,0.11,-0.099,1.077,-7.7,1.044,1009.9,FLASH_FLOOD
1493000,211.9,49.2,24.4,4093,999.6,-0.081,-0.138,0.994,-0.0,1.004,1014.2,FOREST_FIRE
816000,237.4,27.1,64.5,1065,260.1,-0.095,0.131,1.643,-32.3,1.607,1018.6,LANDSLIDE
1846000,181.2,27.2,55.7,639,156.1,-0.134,0.098,1.081,1.3,1.098,1011.8,NORMAL
1306000,115.8,43.7,26.2,3637,888.1,-0.027,0.098,1.062,4.1,1.04,998.1,FOREST_FIRE
510000,90.7,24.6,58.1,597,145.9,-0.107,0.118,1.639,-22.6,1.663,1010.5,LANDSLIDE
1226000,252.8,46.1,44.4,3196,780.5,0.108,-0.124,1.06,-0.7,1.051,1012.1,FOREST_FIRE
138000,23.5,29.7,91.7,647,157.9,0.095,0.074,0.999,0.2,0.991,997.9,FLASH_FLOOD
506000,141.2,26.6,70.7,1086,265.2,-0.136,0.051,2.29,-31.4,2.295,1016.3,LANDSLIDE
1889000,185.4,24.6,61.2,241,58.7,-0.051,-0.016,0.987,5.3,1.007,1007.9,NORMAL
681000,150.9,30.7,78.1,383,93.5,-0.004,-0.048,1.873,-22.3,1.842,1006.0,LANDSLIDE
242000,30.2,23.6,89.8,746,182.3,-0.069,0.032,0.894,-0.4,0.931,1003.2,FLASH_FLOOD
359000,30.5,20.1,76.0,1227,299.7,0.087,-0.058,0.967,-1.4,0.967,995.6,FLASH_FLOOD
568000,100.9,24.5,71.7,549,134.0,-0.076,0.024,2.358,25.4,2.341,1016.3,LANDSLIDE
947000,195.5,23.2,61.5,240,58.5,-0.047,-0.038,1.341,30.2,1.361,1012.2,LANDSLIDE
23000,40.4,24.9,88.6,387,94.6,0.129,0.109,0.968,-4.0,0.921,993.1,FLASH_FLOOD
952000,232.9,30.5,56.4,618,151.0,0.092,0.122,1.383,-33.1,1.356,1006.3,LANDSLIDE
802000,115.7,26.0,62.4,472,115.2,0.12,-0.066,1.747,44.5,1.72,1021.7,LANDSLIDE
1187000,186.6,45.0,23.7,3795,926.8,0.02,0.145,1.099,7.6,1.097,1013.9,FOREST_FIRE
292000,44.4,27.4,85.6,400,97.7,0.029,0.134,0.94,-6.7,0.908,1004.2,FLASH_FLOOD
1116000,144.5,42.6,40.2,4000,976.9,0.036,0.003,1.053,-2.2,1.026,1001.5,FOREST_FIRE
814000,135.0,25.8,87.4,1091,266.4,-0.083,-0.067,1.737,-37.4,1.709,1011.5,LANDSLIDE
385000,9.6,22.0,82.0,946,230.9,0.074,0.076,1.032,-2.5,1.028,996.0,FLASH_FLOOD
205000,7.4,23.4,74.1,425,103.9,0.115,0.008,0.995,-3.3,0.982,994.0,FLASH_FLOOD
1176000,171.4,50.1,11.7,3365,821.6,0.041,-0.039,0.994,-2.5,1.018,1014.5,FOREST_FIRE
1145000,197.3,36.3,37.5,2526,616.9,0.001,0.092,0.93,-8.0,0.95,1007.2,FOREST_FIRE
766000,125.2,25.1,76.9,435,106.2,-0.119,0.089,1.653,-25.5,1.644,1006.3,LANDSLIDE
1769000,208.3,29.3,85.8,375,91.5,0.123,-0.036,1.101,-4.2,1.08,1019.4,NORMAL
1511000,222.2,26.7,66.2,811,198.2,0.056,0.106,1.073,4.6,1.026,1021.6,NORMAL
142000,6.3,27.2,91.1,1105,269.8,0.072,-0.029,0.915,-7.7,0.941,991.0,FLASH_FLOOD
1132000,190.5,51.8,12.3,3673,896.8,0.092,-0.086,1.11,-2.1,1.094,1008.1,FOREST_FIRE
253000,9.6,29.1,76.7,824,201.1,0.099,0.139,1.011,-0.4,1.031,996.8,FLASH_FLOOD
109000,31.0,23.0,73.4,976,238.4,-0.0,-0.034,1.012,1.2,1.006,1004.7,FLASH_FLOOD
1399000,195.7,47.5,17.2,3656,892.8,-0.105,-0.08,1.006,-7.9,1.0,1004.8,FOREST_FIRE
923000,195.5,30.2,71.9,454,110.9,-0.114,0.07,2.379,-34.3,2.356,1015.3,LANDSLIDE
1221000,245.4,44.6,11.5,3596,878.2,-0.006,-0.07,1.027,-7.1,1.009,999.8,FOREST_FIRE
1445000,162.5,45.8,32.6,2658,649.0,0.087,0.076,0.928,0.6,0.969,1011.6,FOREST_FIRE
235000,36.5,24.0,77.8,259,63.2,0.105,-0.009,1.085,-2.3,1.049,995.9,FLASH_FLOOD
1356000,235.4,41.0,35.0,2795,682.6,-0.047,0.059,0.994,-7.3,0.966,996.4,FOREST_FIRE
1668000,100.4,25.2,57.6,673,164.3,0.128,-0.12,0.961,7.7,0.919,1019.2,NORMAL
689000,140.5,30.2,74.9,1053,257.2,-0.003,-0.045,2.199,24.2,2.194,1007.5,LANDSLIDE
268000,9.2,26.5,91.1,878,214.3,0.083,0.044,1.117,4.4,1.073,1009.5,FLASH_FLOOD
1972000,202.9,26.7,89.8,281,68.5,0.108,0.08,1.04,7.2,1.029,1012.9,NORMAL
470000,40.1,27.4,92.8,1053,257.0,-0.056,0.118,1.067,4.0,1.085,995.3,FLASH_FLOOD
32000,44.5,27.1,98.5,1067,260.6,0.034,0.066,1.061,-0.7,1.06,1007.8,FLASH_FLOOD
1322000,182.0,54.8,38.8,2704,660.3,-0.039,0.136,0.926,2.6,0.936,1002.8,FOREST_FIRE
997000,167.1,29.9,86.4,686,167.5,0.106,-0.103,1.523,23.6,1.496,1019.2,LANDSLIDE
1538000,246.7,23.5,69.8,181,44.2,0.001,-0.142,1.047,-4.9,1.06,1006.1,NORMAL
1454000,240.2,45.6,39.0,3344,816.6,-0.054,-0.019,1.086,0.1,1.057,1014.5,FOREST_FIRE
1474000,121.2,50.5,31.5,3720,908.4,0.044,-0.021,1.054,5.7,1.082,1004.0,FOREST_FIRE
1157000,138.1,47.2,10.9,3199,781.2,-0.131,-0.147,0.956,-1.9,0.95,1001.2,FOREST_FIRE
68000,9.6,31.6,74.2,677,165.3,0.108,0.067,1.097,4.9,1.049,1009.3,FLASH_FLOOD
1166000,108.8,48.7,26.7,3049,744.5,-0.036,0.058,1.021,3.6,1.036,1008.9,FOREST_FIRE
1634000,225.7,31.5,55.5,246,60.2,0.039,-0.054,0.889,-0.7,0.909,1016.4,NORMAL
1631000,190.2,26.6,73.1,501,122.4,-0.146,-0.053,1.049,-7.0,1.075,1005.1,NORMAL
513000,271.8,31.7,68.1,996,243.3,0.036,0.046,2.17,-32.4,2.203,1020.5,LANDSLIDE
1868000,116.7,28.7,78.4,461,112.7,0.03,-0.018,1.036,4.9,1.051,1005.1,NORMAL
1607000,180.7,25.9,87.7,243,59.4,-0.015,-0.016,0.983,-7.4,1.028,1019.9,NORMAL
1983000,152.1,23.6,81.2,1027,250.7,0.026,-0.016,1.028,-4.2,1.01,1018.5,NORMAL
42000,39.1,30.0,72.6,679,165.7,-0.077,-0.011,1.057,-1.0,1.046,1007.6,FLASH_FLOOD
1397000,247.3,40.3,28.6,3070,749.7,-0.021,0.075,0.897,-2.4,0.925,1005.0,FOREST_FIRE
1248000,181.0,53.3,20.7,2600,635.0,0.078,0.029,1.067,1.2,1.085,1001.8,FOREST_FIRE
473000,21.7,20.9,93.0,785,191.7,0.116,-0.142,1.023,7.5,1.005,1003.5,FLASH_FLOOD
1542000,103.6,23.2,87.7,848,207.2,0.139,0.131,1.05,0.4,1.015,1011.8,NORMAL
1403000,114.7,41.1,24.7,3667,895.6,-0.104,-0.117,1.021,5.8,1.062,1002.6,FOREST_FIRE
1856000,208.1,25.3,62.9,1126,275.0,0.026,0.078,0.909,5.1,0.947,1015.2,NORMAL
1471000,101.4,45.4,31.3,2512,613.4,-0.014,0.127,0.884,6.1,0.917,996.2,FOREST_FIRE
662000,205.3,30.4,73.2,502,122.5,0.099,0.09,1.56,34.8,1.552,1012.3,LANDSLIDE
76000,21.1,28.2,84.7,651,159.1,-0.128,-0.126,0.923,7.4,0.912,1008.2,FLASH_FLOOD
822000,110.3,24.1,72.6,729,177.9,-0.031,-0.098,1.656,-35.1,1.69,1015.4,LANDSLIDE
171000,12.5,23.9,83.7,1025,250.3,0.109,0.008,0.934,-7.0,0.92,995.2,FLASH_FLOOD
1256000,111.8,37.4,10.9,2950,720.4,0.058,-0.113,1.074,-2.9,1.033,1014.4,FOREST_FIRE
1206000,92.5,36.7,27.6,3743,914.1,-0.052,-0.062,1.071,-3.9,1.04,1006.2,FOREST_FIRE
224000,6.5,23.3,74.3,601,146.8,0.058,-0.138,1.036,-1.9,0.997,1002.2,FLASH_FLOOD
612000,109.2,30.3,70.0,172,42.1,-0.066,-0.115,2.092,-31.9,2.116,1006.4,LANDSLIDE
957000,169.7,27.2,64.3,487,118.9,-0.006,-0.12,1.537,-33.0,1.548,1009.1,LANDSLIDE
880000,149.2,29.0,73.3,849,207.2,-0.003,-0.003,1.757,28.7,1.774,1018.0,LANDSLIDE
1260000,162.6,36.0,44.2,2532,618.2,0.032,0.086,0.956,7.6,0.994,998.7,FOREST_FIRE
526000,167.5,26.3,58.6,219,53.6,-0.022,0.036,1.786,-31.5,1.826,1015.5,LANDSLIDE
821000,183.1,30.9,72.8,354,86.5,-0.095,0.084,2.046,41.8,2.02,1006.6,LANDSLIDE
1630000,104.2,25.8,80.9,895,218.5,-0.122,-0.072,1.094,-3.3,1.066,1007.5,NORMAL
673000,237.0,24.5,62.5,318,77.7,0.12,0.018,1.827,-38.5,1.839,1016.7,LANDSLIDE
1341000,150.6,40.8,41.5,2790,681.3,-0.004,0.01,0.986,4.9,1.014,1001.7,FOREST_FIRE
610000,172.7,23.1,65.0,612,149.5,-0.001,0.055,1.437,43.8,1.475,1016.3,LANDSLIDE
1731000,116.5,26.4,80.6,224,54.6,0.065,-0.032,1.031,1.1,1.041,1010.4,NORMAL
793000,203.6,25.7,69.9,980,239.4,0.029,-0.043,1.645,31.6,1.691,1010.0,LANDSLIDE
332000,29.1,20.1,93.3,1088,265.6,-0.059,-0.138,0.949,5.9,0.945,997.6,FLASH_FLOOD
1375000,95.9,42.6,11.4,3291,803.7,0.047,-0.001,0.89,-5.4,0.922,1012.7,FOREST_FIRE
1694000,182.6,25.1,81.9,460,112.3,0.031,-0.021,1.061,1.2,1.047,1019.2,NORMAL
1815000,222.9,31.5,62.5,1045,255.2,-0.057,-0.047,1.055,0.5,1.011,1021.3,NORMAL
464000,41.3,31.7,75.9,1173,286.5,-0.099,-0.03,1.022,6.8,1.029,1004.0,FLASH_FLOOD
92000,8.8,28.1,78.5,800,195.5,0.047,0.122,1.067,4.6,1.029,1004.5,FLASH_FLOOD
456000,9.9,29.7,79.9,1156,282.2,-0.033,0.075,1.051,-4.0,1.077,1001.7,FLASH_FLOOD
1177000,111.0,42.2,36.3,4013,980.0,0.053,-0.021,0.981,4.0,1.001,995.9,FOREST_FIRE
1667000,220.9,23.4,88.4,438,107.0,-0.072,-0.103,1.043,6.3,1.087,1010.1,NORMAL
799000,249.4,26.6,69.7,740,180.8,-0.0,0.01,1.476,29.4,1.509,1010.8,LANDSLIDE
1027000,222.8,37.2,20.1,2921,713.4,0.081,-0.008,1.031,4.0,1.005,998.5,FOREST_FIRE
211000,36.7,31.5,89.5,485,118.5,0.141,0.058,0.974,-5.8,0.932,993.5,FLASH_FLOOD
614000,275.8,22.4,89.7,618,150.8,-0.083,-0.022,2.041,31.4,2.085,1005.9,LANDSLIDE
1346000,148.0,37.2,28.6,3365,821.6,0.023,0.009,1.031,1.2,1.058,1004.6,FOREST_FIRE
102000,25.3,31.9,86.6,255,62.3,-0.009,0.041,0.962,7.6,0.914,997.8,FLASH_FLOOD
1149000,177.6,36.1,15.5,3547,866.1,0.091,0.038,0.894,0.6,0.934,995.5,FOREST_FIRE
809000,96.1,30.3,57.1,1046,255.4,-0.106,-0.071,1.833,43.3,1.8,1011.8,LANDSLIDE
